CPIAUCSL_PC1,UNRATE,FEDFUNDS,T10Y2Y,High,Low,SP500 Close,Volume,ADX,RSI,BB width
1976-06-01,5.98131,7.6,5.48,0.8013636363636365,102.50772788307883,100.9827273975719,101.76681795987216,18965000.0,,,
1976-07-01,5.55556,7.8,5.31,0.981904761904762,104.93380955287388,103.5019051688058,104.2009528023856,18750476.19047619,,,
1976-08-01,5.71956,7.8,5.29,1.1372727272727274,103.98590885509144,102.57500110973011,103.29181844537908,15758181.818181818,,,
1976-09-01,5.49451,7.6,5.25,1.178095238095238,106.13095129103888,104.63761829194569,105.45333317347935,19750000.0,,,
1976-10-01,5.46448,7.7,5.02,1.427,102.68190547398159,101.03619057791573,101.88523755754743,17209047.61904762,,,
1976-11-01,5.06329,7.8,4.95,1.4810526315789474,101.94800033569337,100.33950004577636,101.19349975585938,19051000.0,,,
1976-12-01,5.03597,7.8,4.65,1.4922727272727272,105.3386362249201,103.83136402476917,104.66090843894266,24297727.272727273,,,
1977-01-01,5.19713,7.5,4.61,1.3138095238095235,104.69142841157459,103.13571457635788,103.81333305722191,23886666.666666668,,,
1977-02-01,6.08229,7.6,4.68,1.3026315789473686,101.67473602294922,100.3168427316766,100.95578926487973,20970526.315789472,,,
1977-03-01,6.42857,7.4,4.69,1.373478260869565,101.25565172278363,99.94347746475883,100.56956481933594,18899565.217391305,,,
1977-04-01,6.95187,7.2,4.73,1.4070000000000003,99.78450012207031,98.35849990844727,99.05000076293945,20153000.0,,,
1977-05-01,6.73759,7.0,5.35,1.2019047619047616,99.44190434047154,98.12047649565197,98.76047588530041,20277142.85714286,,,
1977-06-01,6.70194,7.2,5.39,1.1481818181818186,99.82772757790305,98.55727351795544,99.28590947931463,22052272.727272727,,,
1977-07-01,6.66667,6.9,5.42,1.055263157894737,100.83631656044408,99.4931576377467,100.17842021741365,23814736.842105262,,,
1977-08-01,6.63176,7.0,5.9,0.7852173913043481,98.42826047150984,97.08999932330588,97.75000033171281,18854347.826086957,,41.259740189567424,
1977-09-01,6.42361,6.8,6.14,0.6295238095238095,96.83142816452752,95.62476348876953,96.23238045828683,18270000.0,,38.520018786037994,
1977-10-01,6.39033,6.8,6.47,0.4175000000000001,94.44238099597749,93.11476244245257,93.73952302478608,19689047.61904762,,34.47097393100913,
1977-11-01,6.71256,6.8,6.51,0.43473684210526325,94.91047523135231,93.51333327520462,94.28333391462054,23556190.476190478,,36.05018624997429,
1977-12-01,6.67808,6.4,6.56,0.5085714285714286,94.44142841157459,93.19381023588635,93.82047671363468,21474761.904761903,,35.27105773060516,
1978-01-01,6.81431,6.4,6.7,0.4704761904761906,91.0414287022182,89.67761920747303,90.24952298118954,20387619.04761905,,29.901731327614712,0.16252795109756377
1978-02-01,6.23946,6.3,6.78,0.4683333333333333,89.56526344700863,88.40947321841591,88.97526349519428,19400000.0,,28.24914208888003,0.18666813589988265
1978-03-01,6.37584,6.3,6.79,0.460909090909091,89.32454473322088,88.14909120039506,88.81954539905895,22617272.727272727,,28.045159829365485,0.20139692495947611
1978-04-01,6.5,6.1,6.89,0.41050000000000003,93.39749946594239,91.87250061035157,92.7104995727539,34780000.0,,39.751814801589305,0.2019733029822814
1978-05-01,7.14286,6.0,7.36,0.33952380952380945,98.1950007351962,96.56909075650302,97.41227306019177,35261363.63636363,,50.27881331026379,0.1888557887890502
1978-06-01,7.43802,5.9,7.6,0.22272727272727275,98.47499951449308,96.95409115878019,97.66181807084517,30285909.09090909,,50.770465741017276,0.18414805947616386
1978-07-01,7.73026,6.2,7.81,0.1505,97.76550025939942,96.34349899291992,97.19249992370605,27074500.0,,49.773639993023714,0.1802460224100387
1978-08-01,7.85597,5.9,8.04,0.04434782608695649,104.83478247601053,103.05695608387823,103.92173999288808,37606521.73913044,,61.45842892596812,0.17766755059696898
1978-09-01,8.48287,6.0,8.45,-0.14900000000000002,104.79350090026855,103.09700050354004,103.85699996948242,33614500.0,24.479538877610473,61.31064861008917,0.17781182094926865
1978-10-01,8.92857,5.8,8.96,-0.21142857142857144,101.68772680109197,99.73772742531516,100.58363515680486,31015454.545454547,23.442602229874204,54.212561784584814,0.17712786508982684
1978-11-01,8.87097,5.9,9.76,-0.6194999999999999,95.5604763939267,93.84237997872489,94.70952315557571,24505238.095238097,22.49932849344974,44.30082598603505,0.17471081953327852
1978-12-01,8.98876,6.0,10.03,-0.709,96.83600044250488,95.27649955749511,96.10749969482421,24622000.0,21.300246815196825,46.79400081814507,0.17323941136969062
1979-01-01,9.2504,5.9,10.07,-0.7604545454545456,100.44272752241655,98.8649999445135,99.70500113747336,27987727.272727273,20.20968982574507,52.66572306322445,0.17451051685138363
1979-02-01,9.84127,5.9,10.06,-0.6183333333333334,98.92578928094161,97.56526344700863,98.2294737163343,25037368.42105263,18.883975811268364,50.217822518033486,0.1733364528101605
1979-03-01,10.25237,5.8,10.09,-0.6722727272727272,100.77772799405184,99.3254543651234,100.11227278275923,29536363.636363637,18.071946945362964,53.206587776468474,0.1732159596282297
1979-04-01,10.48513,5.8,10.01,-0.5965,102.76999931335449,101.3495002746582,102.06600036621094,31032500.0,17.74487999136294,56.14861031643373,0.18017082807582696
1979-05-01,10.69767,5.6,10.24,-0.5314285714285715,100.470909465443,99.0663632479581,99.727727023038,28351818.181818184,16.842313594530886,51.93963725378953,0.18211444524170675
1979-06-01,11.07692,5.7,10.29,-0.3066666666666667,102.38380940755208,100.93666730608258,101.72761862618583,35033809.52380952,16.42776514907529,55.04365363554704,0.18447686797791962
1979-07-01,11.45038,5.7,10.47,-0.18761904761904763,103.32380857921783,101.86809394473121,102.71142832438152,32416190.476190478,16.246236310179704,56.53097953291092,0.1882287695394285
1979-08-01,11.83612,6.0,10.94,-0.42913043478260865,107.97130385689114,106.44739101244056,107.35608639924422,35871739.13043478,16.973383942368283,62.78994771394822,0.20269769925142841
1979-09-01,11.8797,5.9,11.43,-0.721578947368421,109.49315844084087,107.6347367136102,108.59684231406764,37575789.473684214,17.90528225750121,64.26998736023286,0.20649088943142305
1979-10-01,12.07154,6.0,13.77,-1.1904545454545454,105.6113049051036,103.52739052150561,104.47304269541864,37301304.347826086,17.616059335255525,56.2603737627629,0.18731992913455062
1979-11-01,12.59259,5.9,13.18,-1.1552631578947368,104.48809596470424,102.6519037882487,103.66381000337147,31126190.476190478,17.121855763983085,54.816674986334434,0.1586156452359122
1979-12-01,13.25479,6.0,13.78,-1.0044999999999997,108.59800033569336,106.89400062561035,107.7759994506836,35510500.0,17.447616992963997,60.3804312652327,0.1516731636687857
1980-01-01,13.86861,6.3,13.82,-0.6959090909090908,112.08636370572177,109.60409060391513,110.86818140203303,52647272.72727273,18.315535519169305,63.97292127246429,0.16647496871631906
1980-02-01,14.16185,6.3,14.13,-1.0036842105263157,116.67100105285644,113.93500061035157,115.33900108337403,47826500.0,19.75081914044481,68.43015196893674,0.19476536136379177
1980-03-01,14.59227,6.3,17.19,-2.1357142857142852,106.33238183884393,103.33857109433129,104.68619065057663,41735714.28571428,18.735316333900585,51.940718197432304,0.18763050498351677
1980-04-01,14.58924,6.9,17.61,-1.0285714285714287,104.12142799014137,101.77428508940197,102.96666753859748,32101904.76190476,17.518055272710658,49.85251012310382,0.18765726867318566
1980-05-01,14.42577,7.5,10.98,0.7314285714285715,108.64571489606585,106.51190512520927,107.69428543817429,36424761.9047619,17.10256459111022,55.18695585000446,0.19097380526125923
1980-06-01,14.26593,7.6,9.47,1.05,115.62285759335472,113.40952337355841,114.54666646321614,39507619.047619045,17.628857037180662,61.568316999407024,0.20911593076580268
1980-07-01,13.15068,7.8,9.03,1.2181818181818183,120.83999980579723,118.51681795987216,119.83272760564631,46444090.90909091,18.68029268245687,65.63383015986243,0.22737890039626074
1980-08-01,12.89009,7.7,9.61,0.5742857142857142,124.61714245024181,122.35761951264881,123.49666631789435,45983809.52380952,20.020056541721697,68.14890566615375,0.2542348971494049
1980-09-01,12.76882,7.5,10.87,-0.06619047619047617,127.81904711042132,125.0914292108445,126.51190294538226,50367142.85714286,21.551237336778076,70.08894069916313,0.2894962929801294
1980-10-01,12.63298,7.5,12.81,-0.3368181818181818,131.6630458002505,128.7860863727072,130.22173840066662,44860434.782608695,23.293763435421855,72.3226547503634,0.3224076423067204
1980-11-01,12.63158,7.5,15.85,-0.8294117647058823,137.1272235446506,133.90833282470703,135.6544426812066,54895000.0,25.317499454672866,75.23882655182372,0.3659837248251314
1980-12-01,12.35371,7.2,18.9,-1.2327272727272727,135.09045271439985,131.96590839732778,133.48318204012784,46620454.54545455,26.77788232330153,71.97482849704312,0.3896768145451341
1981-01-01,11.79487,7.5,19.08,-0.6938095238095239,134.57285781133743,131.58857218424478,132.96571277436755,45500952.38095238,28.050401417523187,71.18225976830954,0.3967059116204828
1981-02-01,11.39241,7.4,15.93,-0.7244444444444446,129.63789488139906,126.97789523476048,128.3952656796104,42963684.21052632,28.245576522791772,64.4334598168782,0.3907976520930825
1981-03-01,10.61174,7.4,14.7,-0.4527272727272727,134.67681815407494,131.75272716175425,133.18499963933772,53387727.27272727,28.926422693102797,67.87129744447682,0.3908395139314847
1981-04-01,10.13597,7.2,15.72,-0.47190476190476194,135.80809456961495,133.10952468145462,134.42761811755952,53498571.428571425,29.664635495602973,68.7161388477549,0.39667272597448616
1981-05-01,9.79192,7.5,18.52,-1.3575000000000002,132.91449966430665,130.45899963378906,131.72700042724608,45271500.0,29.785504160924923,64.7322026859281,0.39495172533703876
1981-06-01,9.69697,7.5,19.1,-1.0336363636363637,133.66136238791725,131.02090870250356,132.2777293812145,50044090.90909091,29.980761834884465,65.17560372158951,0.3809937161518527
1981-07-01,10.77482,7.2,19.04,-1.0731818181818185,130.3695463700728,127.96772662076083,129.1277268149636,43362272.72727273,29.505400682618163,60.49106053584953,0.3559185473818023
1981-08-01,10.81731,7.4,17.82,-1.3476190476190475,131.00809478759766,128.5633330572219,129.62952314104353,43835714.28571428,29.148252072279316,60.97229470297004,0.3375807082519829
1981-09-01,10.96544,7.6,15.87,-1.133809523809524,119.77047693161737,116.86857096354167,118.26952398390998,45673333.333333336,27.386192903328975,47.01173409496901,0.3256021659498798
1981-10-01,10.27155,7.9,15.08,-0.3947619047619048,121.03636446866122,118.41590881347656,119.79772706465288,45343636.36363637,25.5528236140724,48.712972970372334,0.32018886708186434
1981-11-01,9.57944,8.3,13.31,0.5111111111111111,124.0944995880127,121.64849967956543,122.9194995880127,49396000.0,24.072129547253432,52.09641306461699,0.28360562115149235
1981-12-01,8.91204,8.5,12.37,0.43409090909090914,124.87454570423473,122.84318161010742,123.79409096457742,43612272.72727273,22.81522135222119,53.03127685957575,0.23031757135431857
1982-01-01,8.25688,8.6,13.22,0.025999999999999975,118.58849906921387,116.07149925231934,117.27650032043456,48417000.0,21.785030056063444,45.850220889025586,0.1979087444515237
1982-02-01,7.61364,8.9,14.78,-0.39777777777777784,115.87473658511513,113.42315754137542,114.49526335063733,51167894.7368421,21.191876761632813,43.16416427764225,0.19807216405778066
1982-03-01,6.88488,9.0,14.68,-0.33304347826086955,112.14695607060972,109.55434749437416,110.84217370074728,55160434.782608695,21.137723225079245,39.861008667887894,0.2229193746281362
1982-04-01,6.62177,9.3,14.94,-0.3304761904761905,117.06333378383091,115.33714439755394,116.30714343843006,54118571.428571425,20.235105595094744,46.46160479810353,0.23359839625642126
1982-05-01,6.91193,9.4,14.45,-0.15450000000000003,116.96999969482422,115.99850044250488,116.35299949645996,51323000.0,19.396960652966275,46.51465114656246,0.2439787264036372
1982-06-01,7.18232,9.6,14.15,-0.16590909090909095,110.32590866088867,109.20863619717684,109.69772720336914,50478636.36363637,19.51382402757375,40.27724908657823,0.2669784929866292
1982-07-01,6.55738,9.8,12.59,0.14904761904761904,109.9433328537714,108.85047658284505,109.37666684105282,54532857.14285714,19.66588669713749,39.998595740975816,0.2767102600365489
1982-08-01,5.96529,9.8,10.12,0.7313636363636363,110.49727283824573,108.46227264404297,109.65136406638406,76035000.0,19.696777084313737,40.378661241228784,0.2842027342659306
1982-09-01,4.94092,10.1,10.31,0.5557142857142857,123.28047725132534,121.58761887323288,122.43333289736793,73716190.47619048,18.911740671772655,54.743635771855395,0.27330461469625505
1982-10-01,5.03212,10.4,9.71,0.7190000000000001,133.65714336576917,131.1095228649321,132.66047741117933,98502857.14285715,19.31303049032758,62.52396677701233,0.2802570415680335
1982-11-01,4.47761,10.8,9.2,0.7547368421052633,139.19952319917223,136.79190572102866,138.10095287504652,88430476.1904762,20.174376264736033,65.8840006600788,0.2924541571375374
1982-12-01,3.82572,10.8,8.95,0.8777272727272728,140.4849992231889,138.6331821788441,139.3659113103693,76458181.81818181,21.082743379029836,66.63308409155682,0.3049958097977682
1983-01-01,3.70763,10.4,8.68,1.1295238095238094,145.27857244582404,143.18428402855284,144.26714215959822,88457142.85714285,22.317672957685442,69.43355231914377,0.33564702333306407
1983-02-01,3.48469,10.4,8.51,1.0884210526315792,147.6136844032689,145.74947317023026,146.79684046695107,85023684.21052632,23.64523104498426,70.79595607164873,0.3690611501382276
1983-03-01,3.59029,10.3,8.77,0.8504347826086956,152.555652120839,151.00869551948878,151.87652123492697,82692173.91304348,25.239354891885096,73.36335177471423,0.41480706068103407
1983-04-01,4.0,10.2,8.8,0.8320000000000002,158.17300033569336,156.59450073242186,157.7120002746582,89343500.0,27.085746670470822,75.97621147260294,0.46892310093420025
1983-05-01,3.44108,10.1,8.63,0.8909523809523808,164.8857153029669,163.21857198079428,164.0971432640439,93006190.47619048,29.18034287670449,78.4653708729864,0.5235533240625816
1983-06-01,2.47423,10.1,8.98,0.6668181818181819,166.97090842507103,165.50954645330256,166.36909138072622,89720909.0909091,31.234663152951516,79.28771153266608,0.5687014622842286
1983-07-01,2.35897,9.4,9.37,0.6920000000000002,167.99199905395508,166.042000579834,166.95099868774415,79508500.0,33.19686980574859,79.50360127743703,0.6042276523951827
1983-08-01,2.4565,9.5,9.56,0.7756521739130434,163.18043518066406,161.47521839971128,162.4178247866423,74192608.69565217,34.10610357045871,73.11042759205537,0.6213197707113509
1983-09-01,2.76356,9.2,9.45,0.8638095238095237,167.88238162086122,166.3914300827753,167.1604766845703,82848095.23809524,35.26697630044547,75.34426334508272,0.6308995959637479
1983-10-01,2.75229,8.8,9.48,0.97,168.43333362397692,166.80333237420945,167.65428452264695,85458095.23809524,36.38122901922937,75.57181497740335,0.6272760640362062
1983-11-01,3.16327,8.5,9.34,1.0257894736842104,165.76143028622582,164.51095217750185,165.23095194498697,86410000.0,36.94325705017527,72.0571897809995,0.6036618067831306
1983-12-01,3.7871,8.3,9.47,0.9928571428571428,164.87904575892858,163.87238275437127,164.37142799014137,88040952.38095239,37.33133373609788,70.79948443110965,0.582532540562988
1984-01-01,4.29009,8.0,9.56,1.0319047619047619,167.16428556896392,165.74285598028274,166.39285641624815,105507619.04761904,37.887873945736125,72.03569018218903,0.5563739567130377
1984-02-01,4.69388,7.8,9.59,1.0568421052631582,158.32100143432618,156.33950119018556,157.2505012512207,96640500.0,36.59702311834787,59.72127680977608,0.49793139321494095
1984-03-01,4.89297,7.8,9.91,1.0045454545454546,158.20636333118784,156.66727378151634,157.4386381669478,84314545.45454545,35.39837592148735,59.87329659088616,0.4257337402373581
1984-04-01,4.55466,7.7,10.29,0.9474999999999998,158.34650115966798,156.80000076293945,157.60149917602538,85876500.0,34.30255707665306,60.01398564502682,0.33422970768874766
1984-05-01,4.33468,7.4,10.32,0.9386363636363636,157.39090936834162,155.9090909090909,156.55090886896306,88161363.63636364,33.11214222661959,58.58696973434282,0.27066236215012296
1984-06-01,4.32596,7.2,11.06,0.6561904761904762,153.86428687686012,152.21000162760416,153.12476094563803,86327142.85714285,31.311993402253126,54.071507383891706,0.23165570555252477
1984-07-01,4.30862,7.5,11.23,0.4847619047619047,151.71762012300036,150.34857323056175,151.07809593563988,79152380.95238096,29.309862622646012,51.51716850553606,0.20545695012997836
1984-08-01,4.2957,7.5,11.64,0.2817391304347826,165.26652195142663,163.14608631963316,164.4208692467731,109866086.95652173,29.188860754141007,63.59220474937553,0.17504740757009507
1984-09-01,4.28287,7.3,11.3,0.31789473684210534,167.0531559994346,165.43157798365542,166.1126299406353,93087368.42105263,29.25485750160068,64.7896304008334,0.15402346809105233
1984-10-01,4.26587,7.4,9.99,0.5604545454545454,165.60043334960938,164.10521731169328,164.81869440493375,91749130.43478261,29.066704430450184,63.080758620550945,0.1331731951622993
1984-11-01,4.1543,7.2,9.43,0.9236842105263157,167.05619085402716,165.57428632463728,166.27190508161272,83680000.0,29.053152239073388,64.22210988577129,0.12327919793712767
1984-12-01,4.04339,7.3,8.38,1.318,165.1009994506836,163.6909973144531,164.48000106811523,89050000.0,28.662422830864706,61.689610045349156,0.12096413404080009
1985-01-01,3.52595,7.3,8.35,1.4533333333333336,172.25454711914062,170.5363637750799,171.6127270785245,121532272.72727273,29.08485066624395,67.2291974330577,0.13004610321484492
1985-02-01,3.60624,7.2,8.5,1.3433333333333333,181.5831587942023,180.06947406969573,180.88473751670435,115506315.78947368,30.262547391056632,72.74607087048629,0.16058169518565815
1985-03-01,3.79009,7.2,8.58,1.1423809523809523,180.25809587751115,178.817141578311,179.4199981689453,102528095.23809524,31.109450842886723,70.72061361040552,0.1801623745231189
1985-04-01,3.5818,7.3,8.27,1.3457142857142859,181.25761922200522,180.00714183989027,180.61857023693267,94375238.09523809,31.97847763495746,71.42180539462902,0.19853491655927574
1985-05-01,3.57488,7.2,7.97,1.4527272727272726,185.36681643399325,183.96863555908203,184.89908946644175,106833636.36363636,33.11476113010385,73.83205209874181,0.22309113536349456
1985-06-01,3.66442,7.4,7.53,1.468,189.51050033569337,188.0564987182617,188.8859992980957,105850000.0,34.471801694478,75.87309861342021,0.25181702217443325
1985-07-01,3.45821,7.4,7.88,1.5336363636363637,193.1718181263317,191.83863553133878,192.54454456676137,111957727.27272727,35.97698820487337,77.5997062303382,0.2820180059806609
1985-08-01,3.35249,7.1,7.9,1.388181818181818,188.86500133167613,187.70636333118784,188.3063638860529,87418181.81818181,36.48461022456163,71.23953380202231,0.2968720283745489
1985-09-01,3.24737,7.1,7.92,1.3900000000000001,185.0426314504523,183.5152628045333,184.20579046952096,97903157.89473684,36.133645805691785,65.63435058523267,0.30385735602299596
1985-10-01,3.23501,7.1,7.99,1.372272727272727,186.7495641293733,185.31913027556047,186.18043451723844,110575652.17391305,35.97436183120332,66.98161692062769,0.3025092076036654
1985-11-01,3.51377,7.0,8.05,1.2005263157894737,197.91449966430665,196.33800048828124,197.44550018310548,122268500.0,36.740580587497405,73.39065292743051,0.3144378855727255
1985-12-01,3.79147,7.0,8.27,1.1123809523809522,208.06904674711683,206.15333266485305,207.25761922200522,133541904.76190476,38.05896641918031,77.48929321600035,0.33840590437913753
1986-01-01,3.97351,6.7,8.14,1.0514285714285714,209.30863536487925,206.99408929998225,208.19408971613103,130864090.9090909,39.34887061593812,77.8401169956067,0.3509450348695439
1986-02-01,3.19849,7.2,7.86,0.7368421052631579,219.9605255126953,217.55000144556948,219.36526168020148,152584210.52631578,41.04700301808333,81.53668637078967,0.36935309190220983
1986-03-01,2.15356,7.2,7.48,0.5639999999999998,233.34150009155275,230.75250091552735,232.3270004272461,160730000.0,43.09166373509258,84.72136227097127,0.397402784770803
1986-04-01,1.58879,7.1,6.99,0.604090909090909,239.4100015813654,236.33045543323863,237.96772835471413,147290909.0909091,45.16318533122793,85.86407337853464,0.4404862636704592
1986-05-01,1.6791,7.2,6.85,0.6423809523809524,239.3442840576172,236.86809430803572,238.45904758998327,127630476.1904762,47.0867410990679,85.96255454750094,0.46786012819956907
1986-06-01,1.76744,7.2,6.92,0.6147619047619047,246.38428678966704,243.75714329310827,245.29571460542223,126171428.57142857,49.06620762828583,87.2895105722378,0.4907427152008482
1986-07-01,1.67131,7.0,6.56,0.6368181818181817,241.79681743275034,238.94454539905894,240.17999891801313,137722727.27272728,50.07229473334427,81.11085370927846,0.49264883277311233
1986-08-01,1.57553,6.9,6.17,0.8395238095238097,245.7971423921131,243.3433321998233,245.0009511311849,128661904.76190476,51.1546804563731,82.3768343158245,0.4870880101970059
1986-09-01,1.75763,7.0,5.89,1.1014285714285716,240.442379906064,236.73809669131325,238.269047328404,150776190.47619048,51.08591097743795,74.83449111081639,0.47372120614224866
1986-10-01,1.56682,7.0,5.85,1.1472727272727274,238.18608557659647,235.99173968771228,237.35608706266984,131162608.69565217,50.90457192967964,73.84700109334858,0.4650701761897005
1986-11-01,1.2844,6.9,6.04,0.9738888888888889,245.9563156931024,243.45210426732115,245.0926328960218,154780526.31578946,51.138078849854445,76.65793184574109,0.4554865731651231
1986-12-01,1.18721,6.6,6.91,0.8409090909090909,249.78818026455966,247.24136421897194,248.60545418479225,148221363.63636363,51.53457061597787,77.82344293563112,0.4433240956852067
1987-01-01,1.36488,6.6,6.43,0.8585,265.78190249488466,261.7719050816127,264.51095145089283,192422857.14285713,52.51495204245812,82.16564768395504,0.44828900729607946
1987-02-01,1.91431,6.6,6.1,0.8526315789473684,282.2173670718544,278.6578963430304,280.9342153448808,183436842.10526314,53.87111227781612,85.35439674647279,0.4716647785292847
1987-03-01,2.84143,6.6,6.13,0.8240909090909092,293.81500244140625,290.52727300470525,292.47136480158025,180231818.1818182,55.3749352302281,87.09940142060188,0.5020395058843169
1987-04-01,3.67985,6.3,6.37,0.9985714285714287,292.1942850748698,286.5395231701079,289.3219052269345,187223809.52380952,56.23923252883368,84.15175944008836,0.5041145556135018
1987-05-01,3.66972,6.3,6.85,0.8515,291.28749694824216,286.8675003051758,289.1154983520508,170885000.0,57.041794306110305,83.9512386189432,0.4847539602494137
1987-06-01,3.74771,6.2,6.73,0.829090909090909,302.49727006392044,299.5690904097124,301.3840900767933,163409090.9090909,58.07026175055798,86.07517395952809,0.46946754215731445
1987-07-01,3.92694,6.1,6.58,1.0045454545454549,310.9931807084517,308.33272899280894,310.0872719504616,180290909.0909091,59.20988717954651,87.35375802384158,0.46817793437349176
1987-08-01,4.28832,6.0,6.73,1.0076190476190479,330.9652375720796,327.06714303152904,329.35809326171875,193447619.04761904,60.613959603914836,89.6253048838593,0.49284051626150505
1987-09-01,4.27273,5.9,7.22,1.0780952380952382,321.3661891392299,316.3857145763579,318.6609511602493,177295238.0952381,60.679051088288766,80.93475072621811,0.48517534688352654
1987-10-01,4.35572,6.0,7.29,1.1223809523809525,287.86272846568716,275.3050003051758,280.1640916304155,277022727.27272725,57.433867502654536,58.82732607373916,0.45517090819310435
1987-11-01,4.52899,5.8,6.69,1.1678947368421049,248.19299774169923,241.92799758911133,245.0085006713867,179476500.0,53.8924204817857,46.37069710943617,0.44476749699131
1987-12-01,4.33213,5.7,6.77,1.1299999999999997,242.81500036066228,238.20863619717684,240.9559097290039,178488636.36363637,50.758537369470616,45.18296313570057,0.44232467732980957
1988-01-01,4.12926,5.7,6.83,1.0357894736842106,253.0175018310547,247.0745002746582,250.47650299072265,174735000.0,47.338594978084686,48.51905492144699,0.4338298095387859
1988-02-01,3.9356,5.7,6.58,1.0315,259.69799880981446,256.018497467041,258.12799911499025,184662000.0,44.07312287350717,51.0950345576855,0.4268412465992792
1988-03-01,3.83244,5.7,6.58,1.1030434782608693,267.15913059400475,264.16391521951425,265.7373922596807,176216086.95652175,41.39220796811293,53.58254864548271,0.41295994445791373
1988-04-01,3.9929,5.4,6.87,1.129,264.44600067138674,260.76250076293945,262.6154983520508,163038000.0,38.720475504554784,52.40484283894884,0.4031582318374158
1988-05-01,3.9823,5.6,7.09,1.0933333333333333,257.59285699753536,254.50999959309897,256.12381126767116,153874761.9047619,36.00618288124208,49.94649902152016,0.38943770490106394
1988-06-01,3.96476,5.4,7.51,0.8954545454545456,272.0118200128729,268.69000244140625,270.6827281605114,195759545.45454547,34.1100654242215,55.04039275459567,0.3682938489210027
1988-07-01,4.13005,5.4,7.75,0.777,270.53499603271484,267.20149993896484,269.0494979858398,166923500.0,32.26249965747957,54.37190572094433,0.35379215948354226
1988-08-01,4.11199,5.6,8.01,0.6317391304347825,265.3673878545346,262.5308652131454,263.7265187139096,144672608.6956522,30.26707283331184,52.148860240577896,0.34359322415529203
1988-09-01,4.18483,5.4,8.19,0.5138095238095238,268.9357125418527,266.40333339146207,267.9700012207031,145688095.23809522,28.611787506470588,53.771549833940604,0.3422463598937251
1988-10-01,4.26087,5.4,8.3,0.4415,278.42762247721356,275.519522530692,277.39571562267486,162626666.66666666,27.582403586466466,57.24016211954122,0.3422326718719348
1988-11-01,4.2461,5.3,8.35,0.29650000000000004,272.3857145763579,269.76000249953495,271.02428763253346,134420000.0,26.238190340677015,54.27561496257176,0.3400255312449863
1988-12-01,4.41176,5.3,8.76,0.017142857142857137,277.4538109188988,275.4376133510045,276.51475888206846,135471428.57142857,25.271318913949017,56.372503410861185,0.3378710993882028
1989-01-01,4.48276,5.4,9.12,-0.08399999999999999,286.33619181315106,283.73238263811385,285.413812546503,168200952.3809524,24.843293210418633,59.6059365473023,0.33668878285860404
1989-02-01,4.64716,5.2,9.36,-0.2026315789473684,295.5500006424753,292.8373686137952,294.0110521818462,169277894.7368421,24.893430866685968,62.497691471049464,0.3317969772139884
1989-03-01,4.8927,5.0,9.85,-0.32181818181818184,293.9595447887074,291.2754558216442,292.7131819291548,159296818.1818182,24.814677573766232,61.77867398482848,0.31734759333862705
1989-04-01,5.03413,5.2,9.84,-0.27599999999999997,303.0449966430664,300.65849609375,302.2509963989258,161862500.0,25.1796988509079,64.96829461464843,0.27706294758446115
1989-05-01,5.2766,5.2,9.81,-0.15863636363636366,314.9586361971769,312.3672721169212,313.92999961159444,170332727.27272728,26.029512735901825,68.44121730415941,0.2690795417399493
1989-06-01,5.16949,5.3,9.53,-0.1290909090909091,325.0972733931108,321.9227267178622,323.7277277166193,180299545.45454547,27.203073803843402,71.03542796936787,0.3127250851166475
1989-07-01,5.06329,5.2,9.24,0.199,332.6914993286133,329.57849884033203,331.92650146484374,162451500.0,28.558095359020992,73.03310014994466,0.3407537255377918
1989-08-01,4.62185,5.2,8.99,-0.03217391304347827,348.1708692467731,344.7434758725374,346.60782656462294,171700000.0,30.29346942053864,76.19871804360999,0.3713056787644855
1989-09-01,4.43515,5.3,9.02,-0.09400000000000003,348.79199676513673,345.9565002441406,347.3295013427734,151751000.0,31.922851604540856,76.34571160505989,0.3955564488959315
1989-10-01,4.58716,5.3,8.84,0.028571428571428574,349.69272682883525,344.3872736150568,347.3972722833807,182394090.9090909,33.27940542463772,76.36047626182034,0.4136936749452012
1989-11-01,4.65503,5.4,8.55,0.07857142857142858,341.4342854817708,338.4828563871838,340.2190450032552,144388571.42857143,33.9484462637112,71.28507423238652,0.42121888053321593
1989-12-01,4.6396,5.4,8.45,0.05900000000000001,349.83149871826174,346.6990005493164,348.57200012207034,160671000.0,34.88686343675251,73.49293221934371,0.4267485291368791
1990-01-01,5.19802,5.4,8.23,0.12142857142857144,342.7468192360618,337.1927309903231,339.9718184037642,172420454.54545453,34.85213755511936,67.71955791350983,0.41160853668412595
1990-02-01,5.26316,5.3,8.24,0.10263157894736845,332.20105462325245,328.37684711657073,330.45263511256167,155893157.89473686,34.058569853913205,61.921258239460606,0.39959500677846127
1990-03-01,5.23732,5.2,8.28,-0.038181818181818185,339.7936345880682,336.547270341353,338.46500049937856,149240000.0,33.69488056848699,64.66379342702207,0.38566741976923286
1990-04-01,4.71162,5.4,8.26,0.06150000000000001,340.0479995727539,336.66199951171876,338.1779983520508,140061000.0,33.36968010482942,64.48463594312915,0.36034211484892387
1990-05-01,4.3654,5.4,8.18,0.11590909090909095,351.25363714044744,347.97499916770244,350.2500013871626,163485454.54545453,33.597783588811176,68.44488433079222,0.33969586694389864
1990-06-01,4.67365,5.2,8.29,0.12904761904761905,362.4352402460007,358.5233343215216,360.3866664341518,153632380.95238096,34.26797347861676,71.33526188986735,0.32963498203949576
1990-07-01,4.81928,5.5,8.15,0.31428571428571433,361.71571132114957,357.57761928013394,360.0309520903088,160644761.9047619,34.7970493521409,71.08918021630546,0.30274282943878944
1990-08-01,5.70281,5.7,8.13,0.6913043478260869,334.3795630413553,327.8991301163383,330.7465196692425,174814347.82608697,32.9021280461291,54.43940137546082,0.26357132132771915
1990-09-01,6.16987,5.9,8.2,0.8136842105263158,317.63105051141036,312.7194711785567,315.40684268349094,141435789.47368422,30.850364247249846,48.08624022398949,0.23493819717551145
1990-10-01,6.37959,5.9,8.11,0.8418181818181818,310.0752178689708,304.2856524923573,307.1247850501019,159647826.08695653,29.38562165952833,45.03067403700995,0.22104524988044344
1990-11-01,6.19539,6.2,7.81,0.7935000000000001,316.7719029017857,312.59000069754467,315.2909531366257,149989047.6190476,27.614401497408803,48.505225767988215,0.19720668937548963
1990-12-01,6.25495,6.3,7.31,0.761,329.8884994506836,326.77350158691405,328.74950256347654,155841500.0,26.054648645223917,53.699540856160525,0.17669517219053435
1991-01-01,5.64706,6.4,6.91,0.9676190476190478,327.27136646617544,322.9640905206854,325.4854555996981,166374545.45454547,24.379125065299352,52.32111023723392,0.16866072660588835
1991-02-01,5.3125,6.6,6.25,0.9878947368421053,364.6121039139597,359.1789470471834,362.2631578947368,226482631.57894737,24.499533339724525,63.64491515974883,0.17664595997179214
1991-03-01,4.82115,6.8,6.12,1.0070000000000001,374.50599975585936,370.05399627685546,372.2789993286133,196396000.0,24.951054494291643,66.01233409237585,0.19493952177589982
1991-04-01,4.80993,6.7,5.91,1.0909090909090913,382.0772705078125,377.2613608620384,379.6786360307173,182600000.0,25.619089452359592,67.6865113676046,0.21821486947832988
1991-05-01,5.03486,6.9,5.78,1.284090909090909,379.51363858309657,375.506816517223,377.9922721169212,169986363.63636363,26.1203767089903,66.87799478629388,0.2355925496489117
1991-06-01,4.69592,6.9,5.9,1.3279999999999998,380.3424987792969,376.6510009765625,378.2929992675781,162936500.0,26.61604068859618,66.95380265988133,0.2504872269237274
1991-07-01,4.36782,6.8,5.82,1.3550000000000002,381.6104528253729,378.1413643576882,380.2268177379261,158253181.8181818,27.125207068685746,67.46940800188476,0.2637960634153418
1991-08-01,3.79939,6.9,5.66,1.4668181818181816,391.1481850363991,387.23499922318894,389.4031788219105,168810000.0,27.960130903525023,69.87161917368162,0.28288612761850046
1991-09-01,3.39623,6.9,5.45,1.4685000000000001,388.97900238037107,385.76499633789064,387.19850006103513,163049500.0,28.611066718058527,68.56165323300372,0.2951861867767808
1991-10-01,2.84858,7.0,5.21,1.6149999999999998,388.28130307404894,384.96391230044156,386.88347990616506,177494782.60869566,29.143970788457587,68.36442591295192,0.29995126209234424
1991-11-01,3.06657,7.0,4.81,1.8584210526315788,388.2760009765625,383.72350158691404,385.919499206543,186881000.0,29.521818672662345,67.72242891136784,0.30468247580314284
1991-12-01,2.98063,7.3,4.43,2.0628571428571427,389.7242896670387,385.1233346121652,388.5104762486049,197871904.76190478,29.9425033932415,68.57658285181655,0.30816776340071234
1992-01-01,2.67261,7.3,4.03,2.0742857142857147,418.0181815407493,413.90318575772375,416.0749969482422,240285454.54545453,31.434743356055233,75.88720606308308,0.3335002150613614
1992-02-01,2.81899,7.4,4.06,2.1257894736842102,414.2315786261308,410.2521057128906,412.55579095137745,224611052.63157895,32.47437186693928,73.53500708999384,0.3520001394112646
1992-03-01,3.18991,7.4,3.98,1.8572727272727272,409.0495425137606,406.12590859153056,407.3645449551669,184829090.9090909,33.047468086339556,70.08407478390095,0.3635076003723318
1992-04-01,3.18283,7.4,3.73,2.136190476190476,408.96095057896207,404.6219017392113,407.40714372907365,205516190.47619048,33.433594705303946,70.09647630172256,0.35949161375969385
1992-05-01,3.0236,7.6,3.82,2.1665,416.3309982299805,413.1510009765625,414.814501953125,182199000.0,34.10565961350249,72.25062896728556,0.3408782888816835
1992-06-01,3.01471,7.8,3.76,2.213636363636364,409.92045454545456,406.7272741144354,408.2745472301136,193628636.36363637,34.089576707272634,67.6191480020364,0.29957611178066634
1992-07-01,3.15712,7.7,3.25,2.489090909090909,416.17499750310725,412.6495444557884,415.0513638583097,193873636.36363637,34.36616500246636,69.78085161600893,0.2599742953090803
1992-08-01,3.07467,7.6,3.3,2.3928571428571423,419.51381138392856,416.5828581310454,417.9271429152716,173991428.57142857,34.774855369666184,70.6755011528064,0.22787087197865927
1992-09-01,2.9927,7.6,3.22,2.520952380952381,419.9252362932478,416.81476120721726,418.4771423339844,191611904.76190478,35.17372702845817,70.85322781471407,0.17520273166214034
1992-10-01,3.27988,7.3,3.1,2.506190476190476,414.21545965021306,410.1795446222479,412.5027285489169,204864090.9090909,34.81328740805837,66.16238491843121,0.16011196438860892
1992-11-01,3.12046,7.4,3.09,2.2936842105263158,423.89399871826174,421.08599853515625,422.8439971923828,207438500.0,34.99137466223552,69.87958093672486,0.15663214366180678
1992-12-01,2.96671,7.4,2.92,2.0963636363636358,436.8581820401278,434.0572703968395,435.6395457874645,221643181.8181818,35.73476800558661,73.72565303885692,0.1656466749195837
1993-01-01,3.2538,7.3,3.02,2.2100000000000004,436.5660034179688,433.5914993286133,435.22899932861327,264042500.0,36.37345169868429,73.40179760299084,0.16784178492623666
1993-02-01,3.24675,7.1,3.03,2.1605263157894736,443.3963141190378,439.42579088712995,441.70368074115953,286444736.84210527,37.254073238758856,75.24841275101193,0.17082162415775407
1993-03-01,3.01941,7.0,3.07,2.0256521739130435,451.8934764032779,448.1417395550272,450.15521638289744,250736956.52173913,38.397278513628876,77.44924573763919,0.17741082241030354
1993-04-01,3.15638,7.1,2.96,2.131904761904762,445.0714271182106,441.24000040690106,443.0776207333519,278722380.95238096,38.66955033850163,71.69966762836583,0.17934622900923636
1993-05-01,3.22119,7.1,3.0,2.0584999999999996,446.5365020751953,442.9150024414063,445.24649810791016,255432000.0,38.989308483915195,72.37642440466902,0.17719149736747175
1993-06-01,2.99786,7.0,3.04,1.7990909090909093,449.46136474609375,446.5759097012606,448.0595439564098,252018181.8181818,39.42303019858651,73.26927404121561,0.17219751770437983
1993-07-01,2.84698,6.9,3.06,1.733333333333333,448.72190348307294,445.7280956449963,447.28618803478423,252787142.85714287,39.71794521358628,72.5747753661064,0.16064026947264215
1993-08-01,2.84091,6.8,3.03,1.676363636363636,454.9909071488814,452.51363719593394,454.1277285489169,250281818.1818182,40.300348710372916,74.84626704463409,0.15064954749826595
1993-09-01,2.764,6.7,3.09,1.512857142857143,460.6999976748512,457.4357169015067,459.23523385184154,264415238.0952381,41.10109561667258,76.41665164995817,0.16058872734908955
1993-10-01,2.75229,6.8,2.99,1.4595,465.0376209077381,462.3190438406808,463.8999968029204,282879047.61904764,42.03179823181739,77.78102444352804,0.16911756201661882
1993-11-01,2.74455,6.6,3.02,1.5684999999999998,464.6204746791295,461.0228576660156,462.8904753185454,279838571.4285714,42.70785127350883,76.74622713723352,0.16987551650401098
1993-12-01,2.81096,6.5,2.96,1.5618181818181816,466.984092018821,464.676362471147,465.94545676491475,263236818.1818182,43.44812501323007,77.71254456644233,0.16877010080489196
1994-01-01,2.45098,6.6,3.05,1.6105000000000005,473.9376220703125,471.18761771065846,472.9928574335007,315590000.0,44.44822792855018,79.79810842571823,0.17372677836373898
1994-02-01,2.51572,6.6,3.25,1.4989473684210524,473.95052618729443,469.90000032123766,471.5799994217722,308057894.7368421,45.17149345733599,78.21786782273215,0.16844799338548075
1994-03-01,2.65178,6.5,3.34,1.4873913043478264,465.90913059400475,461.4560838782269,463.8078268299932,314130869.5652174,44.58169723460352,70.00511090819286,0.16039356672626315
1994-04-01,2.36439,6.4,3.56,1.4226315789473685,449.29263466282896,444.2763157894737,447.2321070620888,301842631.57894737,42.07608231575191,56.403163241526485,0.14867993924156248
1994-05-01,2.28849,6.1,4.01,1.2152380952380952,452.3238089425223,448.558096749442,450.89857264927457,270284285.71428573,39.98633128568607,58.33173867959866,0.13527570772447525
1994-06-01,2.4948,6.1,4.25,1.1699999999999997,456.8895444003019,453.04545177112925,454.825908314098,266030454.54545453,38.39526188959069,60.35479250987071,0.11159163726923278
1994-07-01,2.69896,6.1,4.26,1.1680000000000001,452.27449798583984,449.47949676513673,451.40099945068357,249005000.0,36.53890819940348,57.7227972091957,0.09457154190812266
1994-08-01,2.90055,6.0,4.47,1.058695652173913,465.43304045304006,462.3878279976223,464.2430459727412,278206521.73913044,35.765499984882254,64.05285474751443,0.0894107882895109
1994-09-01,2.96552,5.9,4.73,1.0647619047619048,469.02666655040923,465.47095162527904,466.9580920991443,292993809.52380955,35.2742500421832,65.23790036708141,0.0828729125424476
1994-10-01,2.60989,5.8,4.76,1.0154999999999998,465.6047610328311,461.4009501139323,463.81380934942337,302128571.4285714,34.361718703189084,62.6615731545228,0.07839715741788673
1994-11-01,2.60274,5.6,5.29,0.8065,463.63048008510043,459.2923816499256,461.0152398972284,297678095.2380952,33.27888136082712,60.37615497864364,0.0772011048619719
1994-12-01,2.5974,5.5,5.45,0.22428571428571434,456.75809587751115,453.24571446010043,455.1866643996466,302453809.52380955,31.62002284537582,55.81061440151574,0.0714560188674636
1995-01-01,2.87081,5.6,5.53,0.27249999999999996,466.37809099469865,463.3342851911272,465.25,326288571.4285714,30.826187992637895,61.25783380651328,0.06715819212068354
1995-02-01,2.86299,5.4,5.92,0.35789473684210527,483.1389497455798,480.04052734375,481.92473722759047,333163157.8947368,31.10543128202582,68.24328157002039,0.07518079537670927
1995-03-01,2.78722,5.4,5.98,0.42913043478260876,494.35217417841375,490.8608703613281,493.1530469811481,338800000.0,31.897249864453862,71.91541482575933,0.09097666103584588
1995-04-01,3.125,5.8,6.05,0.4947368421052632,508.89263273540297,505.6589500025699,507.9057906301398,331948947.3684211,33.20059071126098,75.86438831796417,0.12073243805718344
1995-05-01,3.11864,5.6,6.01,0.46181818181818185,525.4413646351207,520.9240972345525,523.8136402476918,343440454.54545456,34.92467640471763,79.25214877442627,0.1596547842978776
1995-06-01,3.0426,5.6,6.0,0.4522727272727273,541.2131763805043,536.9313604181463,539.3540843616832,343438636.3636364,36.9186906424633,81.92175541959182,0.20352539849372375
1995-07-01,2.83019,5.7,5.85,0.49800000000000005,558.9054992675781,554.1509979248046,557.3664978027343,365398000.0,39.12811980062242,84.42347133997248,0.25194554646660283
1995-08-01,2.61745,5.7,5.74,0.5073913043478261,560.8439118758491,557.0643443231997,559.1100012737771,310722608.6956522,41.215690322524445,84.64496843818627,0.2879379411992247
1995-09-01,2.54521,5.6,5.8,0.39150000000000007,579.722998046875,575.8569976806641,578.765493774414,352641500.0,43.47302077191466,86.90559545644625,0.331689136924776
1995-10-01,2.74431,5.5,5.76,0.3476190476190476,584.787275834517,580.4045465642756,582.9181823730469,365605454.54545456,45.645137123866455,87.33000464193728,0.36649109951677755
1995-11-01,2.60347,5.6,5.8,0.45142857142857135,596.5866670154389,592.9057123093378,595.5323806036087,362007142.85714287,47.8289915154145,88.54458136853486,0.3981935031654619
1995-12-01,2.53165,5.6,5.6,0.387,616.5420013427735,611.9610076904297,614.5709991455078,384877000.0,50.09484511812825,90.0888812654123,0.4254690890745897
1996-01-01,2.7907,5.6,5.56,0.54,616.5040949041194,610.4631791548295,614.4200051047585,417638636.3636364,52.0552327099874,89.98527138635635,0.4417188749209876
1996-02-01,2.71703,5.5,5.22,0.7799999999999999,653.0110015869141,645.647998046875,649.5420043945312,437498000.0,54.240023319793295,92.22515646430644,0.4717377292881014
1996-03-01,2.84392,5.5,5.31,0.6076190476190476,650.2785731724331,642.7471400669643,647.0747593470982,427819047.61904764,56.01999394336389,90.69065665960126,0.48387312222512885
1996-04-01,2.83267,5.6,5.22,0.5540909090909092,649.5190516880581,643.6000046502976,647.1728544689361,422646666.6666667,57.672823808108014,90.69728411787979,0.49107013428079965
1996-05-01,2.82709,5.6,5.24,0.6418181818181816,664.3763621937145,657.3595497824929,661.2304548783736,405506363.6363636,59.35904659555989,91.61818806303653,0.4968972397482807
1996-06-01,2.82152,5.3,5.27,0.6149999999999998,671.0290008544922,665.7280029296875,668.4989929199219,396542000.0,60.987358672005215,92.05607335534756,0.49424961637022696
1996-07-01,2.88336,5.5,5.4,0.5954545454545453,648.26318359375,639.0663646351207,644.0704539905895,402266363.6363636,60.314221571913045,77.41755828988565,0.4703892532250956
1996-08-01,2.8123,5.1,5.22,0.6063636363636363,664.6677273837003,659.3022766113281,662.6822787198154,335469090.90909094,60.035621771374295,80.02390038154216,0.4398684933040107
1996-09-01,3.00457,5.2,5.3,0.598,676.8515045166016,670.8990020751953,674.885498046875,403203500.0,60.00779018419588,81.52917891314482,0.40975206064814723
1996-10-01,3.06189,5.2,5.24,0.6209090909090909,703.9226021144701,698.3139144234035,701.4556539784307,421898695.65217394,60.416328699859264,84.30272186423008,0.39149752144303723
1996-11-01,3.25309,5.4,5.31,0.5021052631578948,737.3914916992187,731.3080047607422,735.6690063476562,438192500.0,61.20479369987417,87.0079948133308,0.3866808381538493
1996-12-01,3.37882,5.4,5.29,0.5204761904761905,748.1514340355283,738.4099993024554,743.249040876116,432817619.04761904,62.04845850925989,87.5211191482005,0.38119483676464266
1997-01-01,3.03814,5.3,5.25,0.570952380952381,770.1963584206321,760.3940873579545,766.216816295277,528901363.6363636,63.03941152890418,88.94576684140544,0.3850105959648806
1997-02-01,3.03226,5.2,5.19,0.5210526315789474,802.0594739412006,792.8768471165707,798.3842163085938,511364736.84210527,64.20647418493418,90.56960720884378,0.40241707931178095
1997-03-01,2.76527,5.2,5.39,0.47250000000000003,797.8910034179687,787.2859985351563,792.1555023193359,506038000.0,64.95179626443594,87.87769746151433,0.40976005665483384
1997-04-01,2.43434,5.1,5.51,0.43727272727272726,767.9527310458096,757.2504605379971,763.9281865900213,475221818.1818182,63.99050888383871,76.74536782372662,0.39417148939589514
1997-05-01,2.23785,4.9,5.5,0.4342857142857143,837.3423810686384,825.654767717634,833.0914306640625,481269047.61904764,63.957082431703874,82.57127402526922,0.4109648505064458
1997-06-01,2.23357,5.0,5.56,0.3990476190476191,881.3133370535714,870.4542875744048,876.2861909412202,517045238.0952381,64.30316029467683,85.08450339915285,0.4388651996129905
1997-07-01,2.16561,4.9,5.52,0.32954545454545453,929.466366854581,917.7050032182174,925.2945445667614,543550909.0909091,64.94943650881875,87.31884260726805,0.4819459227300789
1997-08-01,2.29008,4.8,5.54,0.3595238095238096,935.6138073149182,920.4014224097842,927.7357119605655,505052380.95238096,65.58695823961611,87.41993221263228,0.5114570483101081
1997-09-01,2.2194,4.9,5.54,0.32666666666666666,943.1628621419271,930.2647646949405,937.0242861793155,542047619.0476191,66.22621273482899,87.81786275578669,0.5279575064562296
1997-10-01,2.08597,4.7,5.5,0.25772727272727275,960.7039104959239,941.709132982337,951.1595618206521,609446086.9565217,66.92822366537125,88.41825911138363,0.54832460741441
1997-11-01,1.89036,4.6,5.52,0.1622222222222222,944.8078966642681,930.9663150185033,938.9236899928043,535453684.2105263,67.10439600481432,84.5344009634115,0.5505966001183655
1997-12-01,1.69705,4.7,5.5,0.09363636363636368,968.379092129794,955.0495439009233,962.3654563210227,543585454.5454545,67.44735325172051,85.81954461302678,0.5502075386651011
1998-01-01,1.63112,4.6,5.56,0.18750000000000006,969.1674957275391,954.8679962158203,963.3590026855469,636691500.0,67.77172693134985,85.8731259432077,0.5443862343441964
1998-02-01,1.4402,4.6,5.51,0.1568421052631579,1026.5326473838404,1016.1279072008634,1023.7421136153372,613502631.5789474,68.4482618034832,88.6740947176616,0.5509141436958932
1998-03-01,1.37672,4.7,5.49,0.08590909090909095,1080.9563654119318,1070.0518299449575,1076.8277310458097,623617727.2727273,69.33790690232202,90.46415428091609,0.5531359931923988
1998-04-01,1.4384,4.3,5.45,0.07333333333333336,1118.1680850074404,1104.8333333333333,1112.1961960565477,650288571.4285715,70.30844274915796,91.43539306243427,0.5590109941554238
1998-05-01,1.68856,4.4,5.49,0.05900000000000001,1115.523992919922,1102.9085021972655,1108.4169982910157,573857000.0,71.13303553464503,90.37616663779818,0.5499208557670617
1998-06-01,1.62297,4.5,5.56,-0.023636363636363632,1115.0040893554688,1100.8077226118608,1108.389531915838,615998636.3636364,71.80981440923456,90.36797302524717,0.5361907082395031
1998-07-01,1.74564,4.5,5.54,0.0031818181818181815,1163.36591685902,1148.3931718306108,1156.5772705078125,645218181.8181819,72.63921115891647,91.77659114751656,0.5374086301730686
1998-08-01,1.61692,4.5,5.55,0.07333333333333333,1090.5123756045386,1065.373811267671,1074.6204717726935,717692857.1428572,70.63856996001752,72.38697775122054,0.506948761257147
1998-09-01,1.4268,4.6,5.51,0.14047619047619048,1031.5642845517114,1003.0233386811756,1020.6400001162574,795908571.4285715,67.27185492830164,62.95309100904816,0.46991083069794237
1998-10-01,1.48607,4.5,5.07,0.43809523809523804,1042.6827281605113,1017.1795460094105,1032.470009543679,818256818.1818181,64.29470438841625,64.05859017972213,0.43923075217997926
1998-11-01,1.48423,4.4,4.83,0.2873684210526316,1150.165997314453,1135.6385192871094,1144.4334838867187,672564000.0,62.70595981210753,72.44065912070819,0.4182720923395632
1998-12-01,1.60692,4.4,4.68,0.1386363636363636,1196.5440951260653,1178.654990456321,1190.0509033203125,690065909.0909091,61.61652376211662,74.99896857843666,0.3842169101919648
1999-01-01,1.66667,4.3,4.63,0.10684210526315793,1258.0942061574835,1234.8168367084704,1248.7747353001644,853342105.2631578,61.04615124214878,77.84955994487458,0.38651185895316426
1999-02-01,1.66667,4.4,4.76,0.12263157894736845,1258.328433388158,1235.397370990954,1246.5821147717927,766097894.7368422,60.51811457522324,77.49427204702727,0.3888523087132496
1999-03-01,1.7284,4.2,4.81,0.1795652173913043,1289.9308710512908,1270.8578305451767,1281.663913892663,782717391.3043479,60.24428388725455,79.13503197522255,0.40561940078069236
1999-04-01,2.28113,4.3,4.74,0.2077272727272727,1343.8276192801338,1321.2157098679315,1334.7566615513392,882057142.8571428,60.32177729008122,81.3509181985453,0.4281394626462915
1999-05-01,2.09102,4.2,4.74,0.285,1342.9494934082031,1319.875506591797,1332.0740112304688,794013000.0,60.360740518299664,80.88350256710065,0.4377379851760935
1999-06-01,1.9656,4.3,4.76,0.2809090909090909,1329.4713745117188,1310.46318470348,1322.552734375,730871363.6363636,60.15335943685919,79.14537313330804,0.43705177139967033
1999-07-01,2.14461,4.3,4.99,0.23714285714285713,1390.0861990792412,1373.039515904018,1380.990001860119,730139523.8095238,60.350253652534924,81.73909734362415,0.43781675130012687
1999-08-01,2.26438,4.2,5.07,0.260909090909091,1337.5727261629972,1317.037725275213,1327.488653009588,719025000.0,59.217033527174635,72.81065269139356,0.4209287098466233
1999-09-01,2.62997,4.2,5.22,0.25333333333333335,1328.2009684244792,1307.7071358816963,1318.1719040643602,782795238.0952381,57.959492476483994,71.34908568593855,0.39369243821988276
1999-10-01,2.56254,4.1,5.2,0.2495,1309.3395298549108,1285.1852271670386,1300.010009765625,896761904.7619047,56.294521080895336,68.46394394496006,0.37441311062865784
1999-11-01,2.62035,4.1,5.42,0.172,1399.5023774646577,1382.8771449497767,1391.0028483072917,875467619.0476191,55.56478096097303,74.11209604382297,0.37868127875417956
1999-12-01,2.6764,4.0,5.3,0.17090909090909087,1435.9690995649858,1419.5818148526278,1428.6840931285512,892758636.3636364,55.15977612648619,76.02690652047487,0.3915262147295645
2000-01-01,2.79296,4.0,5.45,0.221,1441.5544982910155,1411.5360107421875,1425.5855041503905,1074720000.0,54.60661620856663,75.53215832971593,0.3955175912485863
2000-02-01,3.21797,4.1,5.73,-0.091,1401.4265014648438,1375.8094970703125,1388.8744995117188,1045600000.0,53.32120449679617,69.74153423141568,0.3869547959310931
2000-03-01,3.76214,4.0,5.85,-0.2717391304347826,1455.7195620329483,1423.8869469684103,1442.212598717731,1137226086.9565217,52.61255539930856,72.98243432214747,0.3916105908571921
2000-04-01,3.01386,3.8,6.02,-0.41315789473684217,1479.0542056435033,1440.6700053967927,1461.3552567331415,1058234736.8421053,52.145476011093585,74.05641891630414,0.3746043685650032
2000-05-01,3.13253,4.0,6.27,-0.36909090909090914,1433.121376731179,1403.5763716264205,1418.4795476740057,904468181.8181819,50.93122103360101,67.57688506751344,0.32065302553250413
2000-06-01,3.73494,4.0,6.53,-0.3845454545454546,1471.8813753995028,1451.6341053355825,1461.9590897993608,988104545.4545455,50.16338758950819,70.40476626233603,0.2595957167629329
2000-07-01,3.59928,4.0,6.54,-0.2849999999999999,1484.302001953125,1464.735009765625,1473.0024963378905,954455000.0,49.56190209713139,71.09435765230393,0.23210376374064207
2000-08-01,3.35129,4.1,6.5,-0.40260869565217383,1491.9995541779892,1476.1526091202445,1485.45825726053,885378260.8695652,49.07461532402278,71.8899374654324,0.21358389705005112
2000-09-01,3.4565,3.9,6.52,-0.2825,1479.5740051269531,1459.2740051269532,1468.05400390625,1041915000.0,48.22599485478099,69.03093391049931,0.2028213320237323
2000-10-01,3.45033,3.9,6.51,-0.1738095238095238,1405.2109042080965,1374.2945556640625,1390.144092906605,1179609090.909091,45.73278730436856,57.92543898114527,0.18013698725565766
2000-11-01,3.44418,3.9,6.51,-0.1580952380952381,1389.5033307756696,1364.2395310174852,1375.0376034691221,977728571.4285715,43.24208342787814,56.042789622871695,0.16493979360648514
2000-12-01,3.43602,3.9,6.4,-0.1115,1345.4680053710938,1318.6630004882813,1330.9294982910155,1180540000.0,40.17107749207873,50.84642015659717,0.16556460323017433
2001-01-01,3.7212,4.2,5.98,0.40095238095238095,1345.7138148716517,1321.7628580729167,1335.6390555245537,1325228571.4285715,37.323389395772914,51.36495265595084,0.1649916949138879
2001-02-01,3.52941,4.2,5.49,0.44210526315789467,1318.7431512129933,1295.9578921669408,1305.7515804893092,1139178947.368421,35.059344477291084,47.9107513750171,0.16847267326830365
2001-03-01,2.98246,4.3,5.31,0.5431818181818181,1200.0695578835227,1172.458174272017,1185.850008877841,1263936818.1818182,34.531379235092025,37.124670176273995,0.2149564894489778
2001-04-01,3.21826,4.4,4.8,0.907,1201.6929992675782,1173.55400390625,1189.8369995117187,1270499500.0,34.01107478627051,37.627509015956434,0.24695259522107363
2001-05-01,3.56308,4.3,4.21,1.1313636363636366,1278.0804720791903,1260.1018177379262,1270.3686356977983,1114813636.3636363,32.22737398992007,46.870096268812404,0.2540906187701705
2001-06-01,3.19396,4.5,3.97,1.2042857142857142,1247.654750279018,1230.4018961588542,1238.7104666573662,1178477619.047619,30.938349098100847,44.10331001375386,0.2652125533546989
2001-07-01,2.72148,4.6,3.77,1.1976190476190478,1213.3928629557292,1195.3109712146577,1204.4495210193452,1133033809.5238094,30.15271086888665,41.26438833427428,0.2875525744713805
2001-08-01,2.72148,4.9,3.65,1.2139130434782608,1188.0856562075408,1171.7930430536685,1178.5039274796195,1015617391.3043479,29.68734427871771,39.20619634038046,0.3099927161731903
2001-09-01,2.59217,5.0,3.07,1.6129411764705879,1060.682666015625,1031.2793294270834,1044.643994140625,1668352666.6666667,30.504933967768533,30.698694416971538,0.3681725521349273
2001-10-01,2.12766,5.3,2.49,1.8409090909090913,1084.3121709408967,1064.6065196161685,1076.5904381793478,1302229565.2173913,30.862494512166318,34.359493322875615,0.4065354858732724
2001-11-01,1.89437,5.5,2.09,1.8690000000000002,1135.1495245070685,1118.5547746930804,1129.6833321707588,1253809523.8095238,30.376544674926745,40.02934629894016,0.4196223508088319
2001-12-01,1.60367,5.7,1.82,1.9805,1151.905499267578,1138.1655151367188,1144.9300109863282,1256428500.0,29.66724085057526,41.58966427386163,0.42122659754722175
2002-01-01,1.1959,5.7,1.73,2.0076190476190474,1148.5009591238838,1132.8142903645833,1140.2076241629463,1416485714.2857144,29.064952369086967,41.231833272280305,0.42554509637813304
2002-02-01,1.13636,5.7,1.74,1.8963157894736842,1110.2447381270558,1092.7336811266448,1100.6689388877467,1370926315.7894738,28.922379154600005,38.26343700708896,0.4235646922674651
2002-03-01,1.36286,5.7,1.73,1.7265000000000001,1160.4264892578126,1145.4299926757812,1153.7910034179688,1328160000.0,27.96588533251739,44.08761517684288,0.40174635937140957
2002-04-01,1.64399,5.9,1.75,1.788181818181818,1120.8981822620738,1105.5350119850852,1112.034540349787,1298586363.6363637,27.5129057475911,40.82718374469711,0.37145466510959657
2002-05-01,1.24083,5.8,1.75,1.900454545454545,1087.7895452325995,1070.8727361505682,1079.2672784978693,1222977272.7272727,27.44622137399808,38.425690994085784,0.3384610879999019
2002-06-01,1.06922,5.8,1.75,1.9335,1025.202001953125,1003.7860046386719,1014.0480072021485,1499075500.0,27.99491693276531,34.123357368899896,0.33613980717553665
2002-07-01,1.46561,5.8,1.73,2.096363636363636,918.5740966796875,887.1454551003196,903.5854575417259,1919487272.7272727,29.333802201631073,28.33639341874834,0.3663828027384614
2002-08-01,1.74746,5.7,1.74,2.1236363636363644,923.5509144176136,898.7554543235085,912.5522738370029,1331745454.5454545,30.491551404571844,29.38331521115996,0.3899679262791056
2002-09-01,1.516,5.7,1.75,1.8654999999999997,880.1035064697265,858.79150390625,867.8120056152344,1386185500.0,31.822924671433515,27.244654558672547,0.4149956071219032
2002-10-01,2.02703,5.7,1.75,2.029090909090909,865.1969631029212,839.673047936481,854.6313078507134,1645926521.7391305,33.17850223537742,26.629715451808693,0.4385154933890851
2002-11-01,2.25352,5.9,1.34,2.125263157894737,918.0210021972656,899.6994995117187,909.9270050048829,1460048000.0,33.478561286264565,33.419208957549344,0.4590402929453423
2002-12-01,2.48027,6.0,1.24,2.1961904761904756,907.9952363513764,892.9852323986236,899.1785743350074,1237792380.952381,33.81102506385078,32.78414216650547,0.4760755452064527
2003-01-01,2.75746,5.8,1.24,2.3052380952380953,904.6423833937872,887.7295241582962,895.8361903599331,1464265714.2857144,34.16412875277522,32.57682846648158,0.466858712377371
2003-02-01,3.14607,5.9,1.26,2.274736842105263,845.6678916529605,830.0163156609786,837.6189510947779,1328173684.2105262,34.95648019178429,29.122434934761575,0.4726888991143028
2003-03-01,3.02521,5.9,1.25,2.2333333333333334,854.1423804873511,836.5366705031622,846.6214250837054,1432382380.952381,35.52091354655808,30.352320248026516,0.4742914061780335
2003-04-01,2.17513,6.0,1.26,2.3361904761904766,896.971912202381,882.0223737444196,890.0257132393973,1412838571.4285715,35.203595177506834,36.10874328873802,0.4630831376144322
2003-05-01,1.89415,6.1,1.26,2.153809523809523,941.2600010463169,927.8009411039807,935.9628528413318,1473909523.8095238,34.12149758353989,41.609289345269666,0.46518733790018585
2003-06-01,1.94878,6.3,1.22,2.107142857142857,995.2552403041294,981.3485688709077,987.9952392578125,1486638095.2380953,32.263926442713576,47.15853214267597,0.4594561957208711
2003-07-01,2.05556,6.2,1.01,2.501363636363637,999.2890902432529,984.9254566539418,992.5409102006392,1434236363.6363637,30.4777434528671,47.62681459922555,0.4412670850535722
2003-08-01,2.21607,6.1,1.03,2.5809523809523807,993.9590454101562,982.9438069661459,989.5319097609747,1184831904.7619047,28.846845745832002,47.32782334410369,0.4147104812378725
2003-09-01,2.37832,6.1,1.01,2.568095238095238,1025.163815452939,1013.4928588867188,1019.441900344122,1425719523.8095238,26.823306601095556,50.64462938983566,0.3869173112897112
2003-10-01,2.04194,6.0,1.01,2.542727272727273,1043.0473898182745,1031.8965188731318,1038.7343431555707,1404282608.6956522,25.15231000725097,52.713035789114684,0.3723655496033545
2003-11-01,1.92837,5.8,1.0,2.373333333333333,1054.5741994757402,1044.2505268297698,1049.8989450555098,1287537894.7368422,23.7836769503686,53.916647014592186,0.3363532141228501
2003-12-01,2.0352,5.7,0.98,2.360454545454545,1083.6999955610795,1075.1127319335938,1080.6359197443182,1265415000.0,22.96493923515243,57.15031197902828,0.3246948822182297
2004-01-01,2.02629,5.7,1.0,2.3895,1137.0859985351562,1125.9849975585937,1132.5174987792968,1641000000.0,22.939422590220154,61.997599002653715,0.34541572086703803
2004-02-01,1.68845,5.6,1.01,2.34421052631579,1148.1594752261512,1138.0884110300165,1143.3563232421875,1472926315.7894738,23.05689905845917,62.940792675322975,0.3811120341781765
2004-03-01,1.74008,5.8,1.0,2.2486956521739128,1130.7091117527175,1117.7443476137908,1123.9782449473505,1460778260.8695652,22.73798756359545,60.07025958311599,0.4003229359982816
2004-04-01,2.29258,5.6,1.0,2.276666666666667,1140.0419166201636,1127.5804792131696,1133.0785725911458,1505328571.4285715,22.576815389618968,60.97049156369633,0.4169451153565093
2004-05-01,2.89776,5.6,1.0,2.1819999999999995,1108.6794921875,1095.902001953125,1102.7815002441407,1466320000.0,21.754132319143306,56.41067312044671,0.41106691115603056
2004-06-01,3.16767,5.6,1.03,1.9704761904761903,1137.328578404018,1127.4957101004463,1132.7571556454614,1310928571.4285715,21.439848796045958,59.62776424093711,0.40187265827551594
2004-07-01,2.93958,5.5,1.26,1.8595238095238094,1111.950474330357,1101.0571463448662,1105.846656436012,1394552380.952381,20.597143760943215,55.65643123725571,0.39642472026129144
2004-08-01,2.54743,5.4,1.43,1.7731818181818182,1093.7822820490057,1083.2054443359375,1088.9349920099432,1208490909.090909,19.457456660621073,53.25591360527299,0.38249890300480555
2004-09-01,2.53917,5.4,1.61,1.6004761904761904,1121.7338285900298,1113.393810453869,1117.6562034970239,1277612857.142857,18.88558089318847,56.67368042635192,0.3672652112676937
2004-10-01,3.19091,5.5,1.76,1.5125,1122.960960751488,1111.7095249720983,1118.0680977957588,1500523809.5238094,18.317832757327018,56.722550739116016,0.3228876692357352
2004-11-01,3.62162,5.4,1.93,1.342,1173.1419096447173,1163.5404750279017,1168.9376220703125,1450489523.8095238,18.610778605178673,62.36809822953049,0.2787437351578881
2004-12-01,3.34232,5.4,2.16,1.2190909090909092,1202.99091685902,1194.0981778231535,1199.2095447887075,1413750000.0,19.30552733944032,65.27144022162432,0.2500605320449356
2005-01-01,2.84487,5.3,2.28,0.9990000000000002,1188.0284912109375,1176.9205078125,1181.4079956054688,1574940000.0,19.53682708324821,62.23090110781377,0.22614088717405068
2005-02-01,3.05303,5.4,2.5,0.7805263157894737,1203.6063103926808,1194.0573858963817,1199.6268439041942,1541968947.368421,19.98522523726641,64.07535453786267,0.2197060275294781
2005-03-01,3.20684,5.2,2.63,0.770909090909091,1201.2900057705965,1190.553172718395,1194.8977272727273,1773370454.5454545,20.31059692558117,63.21242112683672,0.20713799225662669
2005-04-01,3.36179,5.2,2.79,0.687142857142857,1171.653343563988,1157.9904727027529,1164.4276123046875,2067822380.952381,19.794246955486873,57.810232619004665,0.18063711459910994
2005-05-01,2.86929,5.1,3.0,0.5004761904761905,1182.0542805989583,1171.5347609747023,1178.2757161458333,1872475714.2857144,19.50524364287654,59.50409948504283,0.16201105840125912
2005-06-01,2.54103,5.0,3.04,0.35772727272727267,1207.2872702858665,1197.9722733931108,1202.2531682794745,1833365454.5454545,19.683441830738634,62.32460746265159,0.15029127678270338
2005-07-01,3.06716,5.0,3.26,0.3065,1225.9850036621094,1216.3790100097656,1222.2369995117188,1873233500.0,20.160380255501202,64.54127130054826,0.14260823913042658
2005-08-01,3.64693,4.9,3.5,0.21826086956521737,1229.909131920856,1219.844339121943,1224.2699983016305,1827395217.3913043,20.668883716071157,64.76837165737564,0.14130889465741628
2005-09-01,4.74183,5.0,3.62,0.2528571428571429,1230.6195184616815,1220.9061976841517,1225.914771670387,2132262380.952381,21.1536705351948,64.96387955035414,0.1484618270089813
2005-10-01,4.3501,5.0,3.78,0.19250000000000003,1199.7090541294642,1185.3909621465773,1191.9642857142858,2371132857.142857,20.55181455227987,57.830239628817814,0.1491270555155739
2005-11-01,3.33855,5.0,4.0,0.11850000000000002,1241.1476178850446,1232.0128638857886,1237.3685651506696,2147755714.285714,20.783321330104815,63.58875163708683,0.15453962980187308
2005-12-01,3.33855,4.9,4.16,0.06285714285714288,1267.3385649181548,1258.279529389881,1262.0719110398065,1988387142.857143,21.430738128810344,66.28624247029981,0.16532027680997213
2006-01-01,4.01879,4.7,4.29,0.020499999999999997,1282.92099609375,1272.7460021972656,1278.7224975585937,2460582500.0,22.274621361715965,68.00669222131684,0.17033451728758772
2006-02-01,3.63825,4.8,4.49,-0.0994736842105263,1281.536312705592,1271.1357935855262,1276.6452765213817,2255786315.7894735,23.007201223459813,67.54361121365527,0.17696323776942988
2006-03-01,3.41792,4.7,4.59,-0.010000000000000004,1298.7652163298233,1288.7886856742527,1293.7347783627717,2213262608.695652,23.96785069579121,69.39030823458735,0.17744200770553628
2006-04-01,3.61384,4.7,4.79,0.10157894736842103,1307.9921104029606,1296.1584151418585,1302.1652703536183,2279391052.631579,25.007245153410647,70.28841801956537,0.16838455204477878
2006-05-01,3.97727,4.6,4.94,0.14181818181818182,1297.076826615767,1284.194541237571,1290.0136274857955,2468765000.0,25.543284938491013,67.22660671003933,0.16014638141734944
2006-06-01,4.18172,4.6,4.99,-0.015454545454545455,1261.0350064364347,1245.433183149858,1253.1681795987215,2494239090.909091,24.797008050575084,58.85495398054125,0.14092392300950707
2006-07-01,4.10467,4.7,5.24,-0.031000000000000007,1266.7695068359376,1253.0170043945313,1260.2345031738282,2317411000.0,24.228427296496395,59.886653603155374,0.13514038329102054
2006-08-01,3.92657,4.7,5.25,-0.026956521739130438,1292.1156642747962,1281.5139000934103,1287.1495679772418,2195026956.521739,24.22882239870984,63.62769986066361,0.1377185068821227
2006-09-01,2.01207,4.5,5.25,-0.05000000000000001,1321.4095092773437,1312.1985107421874,1317.7430114746094,2450072000.0,24.768607041210807,67.35456948833864,0.141943064720209
2006-10-01,1.40633,4.4,5.25,-0.06666666666666668,1366.080449884588,1356.8077115145597,1363.3772638494318,2581528181.818182,25.95520218780708,71.96846336202293,0.16005696612796108
2006-11-01,1.9687,4.5,5.25,-0.14523809523809522,1393.1709507533483,1383.085228329613,1388.634753999256,2635425238.095238,27.40932579119661,74.14642276028314,0.17934352907224232
2006-12-01,2.52398,4.4,5.24,-0.10900000000000001,1420.8200073242188,1411.3545227050781,1416.4200073242187,2378939000.0,29.08419285246755,76.32559151024478,0.19306453574726762
2007-01-01,2.07577,4.6,5.25,-0.11666666666666665,1428.8224853515626,1417.696484375,1424.160986328125,2834310000.0,30.72966005031203,76.90953275690944,0.20412906685759086
2007-02-01,2.42026,4.5,5.26,-0.12631578947368421,1450.9131437602796,1438.8052528782894,1444.7947484066613,2728683684.2105265,32.500391712501816,78.43632520046266,0.21945347056032136
2007-03-01,2.7982,4.4,5.26,-0.0090909090909091,1413.9436368075285,1397.728182705966,1406.9518210671165,3073738636.3636365,32.76193948849318,69.37593099399876,0.22258950700440194
2007-04-01,2.59292,4.5,5.25,0.027619047619047623,1466.8094848632813,1456.5885070800782,1463.6405029296875,2851623500.0,33.675713566156944,74.18628169512496,0.23538492240349523
2007-05-01,2.70989,4.4,5.25,-0.02,1516.2909157492898,1504.7400179776278,1511.1368130770597,2952638636.3636365,35.02648835213641,77.39069970438474,0.25503882713932235
2007-06-01,2.69277,4.6,5.25,0.1223809523809524,1523.6618942987352,1506.9157249813989,1514.4895193917412,3110609523.8095236,36.34952411968839,77.60206173112122,0.2584621849644542
2007-07-01,2.31789,4.7,5.26,0.18523809523809523,1530.8390357607886,1511.989513578869,1520.7047584170386,3349401428.571429,37.64720828358828,78.01242101330953,0.2662006204416598
2007-08-01,1.89745,4.6,5.02,0.3617391304347826,1467.4073963994565,1439.5556534476902,1454.6169592815897,3973120000.0,36.81384559501219,64.4837627451275,0.2611435548143879
2007-09-01,2.83383,4.7,4.94,0.51,1504.3126349198192,1486.8115812602796,1497.1163265830592,3042615789.4736843,36.526486547283824,68.29185659816581,0.2622434401647855
2007-10-01,3.6107,4.7,4.76,0.56,1546.1752345872962,1529.4452222741168,1539.65869140625,3305329565.2173915,36.744724038932,71.57713645716784,0.26682655602787275
2007-11-01,4.37327,4.7,4.49,0.812,1477.7357119605654,1450.2185756138392,1463.3852364676338,4106997619.047619,35.2447811715165,59.64514048449517,0.2591474308647633
2007-12-01,4.10881,5.0,4.24,0.9804999999999998,1488.9520080566406,1469.4609924316405,1479.2234985351563,3241083500.0,34.004689742726505,61.095441202278565,0.25205185394279156
2008-01-01,4.2947,5.0,3.94,1.2685714285714285,1395.7119082496279,1362.5795200892858,1378.7638055710565,4689301904.761905,32.03804465262824,49.05339481029301,0.2393872873285147
2008-02-01,4.14296,4.9,2.98,1.7645,1367.4204956054687,1343.4095153808594,1354.872509765625,3926806500.0,30.468241955510752,46.69614782980376,0.2178300231032112
2008-03-01,3.9749,5.1,2.61,1.8929999999999993,1330.844500732422,1301.6250122070312,1316.9429931640625,4659458500.0,29.541438623426625,43.150888205830775,0.20285629821574397
2008-04-01,3.90376,5.0,2.28,1.627727272727273,1378.3813643022017,1360.087724165483,1370.4690940163352,3908119545.4545455,27.909278164538698,49.03173448655304,0.18540362213520895
2008-05-01,4.08841,5.4,1.98,1.4342857142857142,1411.0385567801338,1394.5790376209077,1403.2176164899554,3856689523.8095236,25.923148820437294,52.28403481338675,0.17124680045127297
2008-06-01,4.93597,5.6,2.0,1.3257142857142858,1354.461437406994,1333.9490559895833,1341.250964936756,4600668571.428572,24.871715833489766,46.267850733883634,0.17548360740422536
2008-07-01,5.49751,5.8,2.01,1.4345454545454546,1269.2090953480113,1244.5272716175425,1257.32636607777,5680935000.0,24.86017021624337,39.61867388616629,0.20550607953432753
2008-08-01,5.30802,6.1,2.0,1.4652380952380955,1289.6600109281994,1270.7038109188989,1281.4723656063989,4107905238.095238,24.5277757919973,42.19269371301404,0.22521139764917472
2008-09-01,4.95332,6.1,1.81,1.6099999999999999,1239.6009579613096,1198.0461948939733,1217.0228562127977,6667015238.095238,24.911000471217314,37.58689642797901,0.2595348053452645
2008-10-01,3.73106,6.5,0.97,2.2018181818181817,1003.7534843113111,939.9273920473845,968.8008741295856,6948827391.304348,26.8549621944536,25.872660565950962,0.3817788639915851
2008-11-01,1.09992,6.8,0.39,2.3138888888888887,906.0057983398438,860.4005287571957,883.04052734375,6087379473.684211,28.98563759365738,23.184217121165894,0.5050311334354002
2008-12-01,-0.02223,7.3,0.16,1.5954545454545455,891.7895396839489,860.680908203125,877.5618175159801,5131112272.727273,30.964121892918033,23.01965304285302,0.5993998642125379
2009-01-01,-0.11359,7.8,0.15,1.7105000000000001,879.005502319336,852.269497680664,865.5755004882812,5604532000.0,32.83700265434867,22.64100951487634,0.6746078414283545
2009-02-01,0.00846,8.3,0.22,1.894736842105263,818.8378874126233,794.5615780479029,805.2273688065378,6552221578.947369,34.81645075861034,20.787100435864993,0.753293793970257
2009-03-01,-0.44648,8.7,0.18,1.8881818181818182,769.6945440118963,742.8568170720881,757.1268144087358,7356529090.909091,36.8531301424911,19.42202077921933,0.8303060145237849
2009-04-01,-0.57632,9.0,0.15,2.0,856.6623796735491,835.7795264834449,848.1518990652902,6612158095.238095,37.42345287660587,28.93304872847905,0.8746196141716305
2009-05-01,-1.01576,9.4,0.18,2.3634999999999997,910.9240020751953,891.3450012207031,902.4085021972656,6580747000.0,37.22163833755763,33.938419337310265,0.8893571616008794
2009-06-01,-1.22917,9.5,0.21,2.5377272727272726,933.9259088689631,917.7090897993608,926.1150013316761,5120597727.272727,36.73365029244017,36.057548104068985,0.8782372653206361
2009-07-01,-1.95876,9.5,0.16,2.5431818181818184,940.6840875799006,925.8413640802556,935.8213639692826,4847081363.636364,36.18928531368174,36.94935675289796,0.8688713117585061
2009-08-01,-1.48384,9.6,0.16,2.4719047619047623,1015.5871320452009,1001.1957106817337,1009.7247576032366,5526631904.761905,34.71839776708244,43.41987209652518,0.832899151721811
2009-09-01,-1.37794,9.8,0.15,2.4457142857142853,1050.6385788690477,1036.6138073149182,1044.5523826962426,5347404285.714286,32.93881075961685,46.22083628872409,0.8076863806597645
2009-10-01,-0.22397,10.0,0.12,2.438571428571428,1076.3154629794035,1060.1704573197799,1067.6636297052557,5155045000.0,30.988068664406633,48.058403071005294,0.77984410716179
2009-11-01,1.91459,9.9,0.12,2.599473684210526,1093.132501220703,1079.0150024414063,1088.0690063476563,4249076500.0,28.97957488227893,49.69282775618561,0.7547241710992899
2009-12-01,2.81412,9.9,0.12,2.715454545454545,1115.7195490056818,1105.8613558682528,1110.377724387429,4068878636.3636365,26.972186361210102,51.49002342207205,0.7098167797326173
2010-01-01,2.62111,9.8,0.11,2.8042105263157895,1131.3673545435856,1116.5963199013158,1123.5815815172698,4786714736.842105,25.295418955106324,52.57003678588151,0.6428959787534827
2010-02-01,2.15134,9.8,0.13,2.8342105263157893,1094.6631694592927,1079.5442151521381,1089.1599892064144,4450596842.105263,23.705815193728434,49.47746138971745,0.5841067739523377
2010-03-01,2.28617,9.9,0.16,2.7686956521739132,1155.7460831351902,1145.994336998981,1152.0486901324728,4507980434.782609,22.53757878536315,54.718627759038675,0.5569588035027417
2010-04-01,2.20677,9.9,0.2,2.7863636363636366,1202.634300595238,1189.5314185732886,1197.316185360863,5559138571.428572,21.962042588015322,58.088938653753594,0.5287461195778295
2010-05-01,2.00355,9.6,0.2,2.5895,1139.655987548828,1109.0450012207032,1125.0620056152343,6383139000.0,20.40925242600333,51.49995502490754,0.5050871698727604
2010-06-01,1.12156,9.4,0.18,2.479545454545454,1095.199551669034,1074.7159201882102,1083.3608953302557,5004852272.727273,19.32287355993147,48.10828065731885,0.5084755871500265
2010-07-01,1.34078,9.4,0.18,2.394761904761905,1086.3309384300596,1067.6657133556548,1079.8033360072545,4513243333.333333,18.394169680084264,47.81894861102187,0.49785654917678174
2010-08-01,1.15018,9.5,0.19,2.178181818181818,1094.4695434570312,1079.3545532226562,1087.2822709517045,3897193181.818182,17.42177202931898,48.51990075155882,0.48361851365302216
2010-09-01,1.11831,9.5,0.19,2.1676190476190476,1127.0152355375744,1114.1180884951636,1122.0819033668154,3789973809.5238094,16.27544420316133,51.76660659467552,0.4662603445005465
2010-10-01,1.1667,9.4,0.19,2.164,1176.3538120814733,1163.7528483072917,1171.5838099888392,4263631904.7619047,15.827367969854716,56.01602947522287,0.4288017589489007
2010-11-01,1.08454,9.8,0.19,2.309,1203.9257173084077,1190.2928524925596,1198.8885614304315,4150050952.3809524,15.732853468331212,58.203408223758615,0.35685021398359723
2010-12-01,1.43779,9.3,0.18,2.672727272727273,1244.2022705078125,1236.14726673473,1241.5254516601562,3681115000.0,16.090586336899488,61.42908930703105,0.3242653602784989
2011-01-01,1.70078,9.1,0.17,2.7795,1286.8890075683594,1275.5429992675781,1282.6184997558594,4608247000.0,16.857916408116445,64.28959521629434,0.3149238666523967
2011-02-01,2.1249,9.0,0.16,2.8036842105263156,1324.5363191303454,1312.79052734375,1321.1178877981085,3117034736.8421054,17.9260104561341,66.7756441839316,0.3149140151781138
2011-03-01,2.61924,9.0,0.14,2.7169565217391303,1312.1878131368885,1295.9126082710598,1304.4865138841712,3891636521.7391305,18.6183784324185,64.68081145721449,0.29826956260579357
2011-04-01,3.07723,9.1,0.1,2.7205000000000004,1335.7125,1324.9924926757812,1331.5050109863282,3868240500.0,19.49685540017509,66.51842782294682,0.30532018147785345
2011-05-01,3.45897,9.0,0.09,2.6133333333333333,1345.2361711774554,1331.0614246186756,1338.3104654947917,3890903809.5238094,20.40869623240453,66.9843830424831,0.3141969152404969
2011-06-01,3.50232,9.1,0.09,2.591818181818182,1296.1018177379262,1279.6513671875,1287.2886408025568,3914669545.4545455,20.294483614085216,60.21811736534275,0.3097603730030792
2011-07-01,3.57988,9.0,0.07,2.5965000000000003,1334.0539978027343,1317.5195007324219,1325.184503173828,4055108500.0,20.622296922688697,63.19209105591245,0.3126339070758993
2011-08-01,3.755,9.0,0.1,2.072608695652174,1205.768697987432,1166.7308827275815,1185.3056534476902,4713876956.521739,19.5349061548795,48.71556194007725,0.30457340431021745
2011-09-01,3.81262,9.0,0.08,1.7638095238095235,1190.2161981491815,1160.4637916201636,1173.8790573846727,4894610476.190476,18.59773835614677,47.753166834688386,0.29888907657428976
2011-10-01,3.52227,8.8,0.07,1.8715,1217.1947602771577,1189.6300106956846,1207.2161865234375,4669698571.428572,17.367101841229022,50.806600768571286,0.2842176080899633
2011-11-01,3.45143,8.6,0.08,1.7599999999999998,1238.7995198567708,1213.280970982143,1226.414771670387,4013097619.047619,16.313273198924996,52.52727413204808,0.2799937916888327
2011-12-01,3.06207,8.5,0.07,1.720952380952381,1253.018566313244,1234.6728515625,1243.3228469122023,3559163333.3333335,15.523161745426675,54.05157896143855,0.27987846845506253
2012-01-01,3.00877,8.3,0.08,1.7259999999999998,1304.5875,1291.2094970703124,1300.5780151367187,3978378000.0,15.437042928532673,58.86788330181574,0.2750409038204608
2012-02-01,2.89818,8.3,0.1,1.6894999999999996,1356.2404907226562,1344.7414978027343,1352.4875,3919285500.0,15.9296494050301,62.686659194476604,0.2645311494329484
2012-03-01,2.58288,8.2,0.13,1.8281818181818181,1393.5645530007102,1381.4504616477273,1389.2400013316762,3813620909.090909,16.76354057644027,65.15342583963474,0.253781503342694
2012-04-01,2.27316,8.2,0.14,1.7609523809523815,1394.2749938964844,1378.5559997558594,1386.4289855957031,3738085500.0,17.48650256434867,64.80056474135306,0.23543585252421811
2012-05-01,1.73794,8.2,0.16,1.518181818181818,1351.401816628196,1333.9477261629972,1341.2727161754262,3950931363.6363635,17.382617716860974,59.24933188701916,0.212669161942548
2012-06-01,1.65387,8.2,0.16,1.3304761904761904,1331.9385811941963,1312.0076206752233,1323.4842936197917,3884878095.2380953,16.926941505312765,57.171574329254874,0.19829390484990259
2012-07-01,1.41751,8.2,0.16,1.2785714285714285,1366.0166655040923,1349.9842936197917,1359.7761986142114,3481133809.5238094,16.93352004518673,60.23540649802065,0.19205464265751784
2012-08-01,1.68593,8.1,0.13,1.4095652173913045,1408.3365160071332,1397.113472316576,1403.4482581097147,3055817826.0869565,17.43103713270974,63.60909021845732,0.1995879881634671
2012-09-01,1.94972,7.8,0.14,1.467894736842105,1448.711579975329,1436.5105237458881,1443.4194721422698,3672856842.105263,18.319702160087108,66.41743265265947,0.2180399031384481
2012-10-01,2.15568,7.8,0.16,1.4690476190476192,1445.9681047712054,1431.7909574962798,1437.816662016369,3416777142.857143,19.05412256608028,65.65262453253159,0.23245819086056058
2012-11-01,1.79602,7.7,0.16,1.3860000000000003,1402.7309628441221,1385.6100144159227,1394.5123872302827,3404252857.142857,18.877481354338943,59.910375825828346,0.23680096731342798
2012-12-01,1.7595,7.9,0.16,1.4620000000000002,1428.6515014648437,1414.6895080566405,1422.2854919433594,3319409000.0,19.032102408261043,62.19421992778131,0.24492263971906517
2013-01-01,1.68406,8.0,0.14,1.6495238095238096,1483.1128569103423,1472.7066592261904,1480.395240420387,3611833809.5238094,19.78445859326385,66.49505358134738,0.2634447392504422
2013-02-01,2.01814,7.7,0.15,1.7168421052631577,1518.8773643092106,1504.623689350329,1512.3115812602796,3645972631.5789475,20.839897840124955,68.60742446080367,0.2831574450584945
2013-03-01,1.51875,7.5,0.14,1.7014999999999998,1554.3889953613282,1542.398486328125,1550.8289855957032,3426355500.0,22.14945160638464,70.9848891722384,0.3096770536886357
2013-04-01,1.13881,7.6,0.15,1.5268181818181816,1577.4890802556818,1561.0154640891335,1570.702264959162,3504454545.4545455,23.569924525257168,72.1565641766702,0.3114902443067658
2013-05-01,1.39039,7.5,0.11,1.677727272727273,1646.8354547674005,1631.3504527698863,1639.842723499645,3474875000.0,25.43565155920412,75.81559259789002,0.31802623593583695
2013-06-01,1.71579,7.5,0.09,1.9665000000000006,1629.6074951171875,1609.0144897460937,1618.7725158691405,3747339500.0,26.69982442908863,72.68097238484677,0.3151922332810934
2013-07-01,1.88547,7.3,0.09,2.2413636363636367,1673.3549971147017,1661.4899957830255,1668.6754427823153,3095764545.4545455,28.217202821342337,75.28708000347413,0.31934161585321713
2013-08-01,1.53881,7.2,0.08,2.380909090909091,1677.4404740767045,1664.132285378196,1670.0936390269887,2945582272.7272725,29.657555402191715,75.35902159686658,0.31673475397076656
2013-09-01,1.09473,7.2,0.08,2.4055,1692.8899841308594,1679.8654846191407,1687.1735046386718,3308720500.0,31.1174496513819,76.255523846223,0.3218709100271479
2013-10-01,0.8768,7.2,0.09,2.2804545454545453,1724.9660803753397,1710.1421694548233,1720.0265317170517,3332495652.173913,32.71941476713703,77.91960997929456,0.3356687303165558
2013-11-01,1.23287,6.9,0.08,2.4147368421052624,1788.5710083007812,1776.3089965820313,1783.5410034179688,3181409500.0,34.63368911019206,80.73118794689574,0.36106671882262115
2013-12-01,1.51284,6.7,0.09,2.5619047619047626,1812.529041108631,1800.5271402994792,1807.7752336774554,3093277142.857143,36.554591716309744,81.68924393847085,0.38144369428143654
2014-01-01,1.55776,6.6,0.07,2.4642857142857144,1831.1152401878721,1814.8719133649554,1822.3566603887648,3612948095.2380953,38.447593684445785,82.2607574409812,0.38710096873726674
2014-02-01,1.12047,6.7,0.07,2.3826315789473678,1824.1779078433387,1806.4226266961348,1817.0347386410363,3669767894.736842,39.98291705479067,81.2638138910502,0.37782878528696084
2014-03-01,1.61269,6.7,0.08,2.3242857142857143,1872.2638113839287,1854.5699986049108,1863.5233386811756,3423096666.6666665,41.708430676464154,83.1813028863597,0.37545702031560213
2014-04-01,2.01513,6.2,0.09,2.2880952380952384,1872.3990536644346,1854.701904296875,1864.2633347284227,3409324285.714286,43.311506110061835,83.21075730199445,0.3726207682198987
2014-05-01,2.16695,6.3,0.09,2.17,1894.5966622488838,1881.2052466982886,1889.7671421595983,3029696666.6666665,44.93606895361209,84.2354639624919,0.37343576856201904
2014-06-01,2.05898,6.1,0.1,2.1461904761904758,1950.0899948846727,1939.4785795665923,1947.087611607143,3013494285.714286,46.74790681464611,86.26455115301394,0.3749846556939605
2014-07-01,1.97424,6.2,0.09,2.0359090909090907,1980.042275168679,1966.5604525479403,1973.0999866832387,3023849545.4545455,48.57412236224677,87.07742566618852,0.3612452405888119
2014-08-01,1.7151,6.1,0.09,1.9476190476190476,1966.6909586588542,1953.0885707310267,1961.5319068545386,2768149523.8095236,49.878613543738105,84.67740949937956,0.3405316960459725
2014-09-01,1.68405,5.9,0.09,1.9676190476190476,2000.9395345052083,1984.9109526134673,1993.2261904761904,3176476190.4761906,51.27958627133831,85.8297736028663,0.3282986726386589
2014-10-01,1.60954,5.7,0.09,1.858636363636364,1950.0873864215353,1921.3413192085598,1937.2743503736413,4074523478.2608695,50.910215278195786,75.09297181931298,0.3062451248961096
2014-11-01,1.23152,5.8,0.09,1.7983333333333336,2047.832095497533,2037.2700066817433,2044.5721050061677,3347378421.0526314,51.28308991048313,80.20649862998049,0.30049456620000253
2014-12-01,0.65312,5.6,0.12,1.5718181818181818,2066.1563887162642,2045.1418401544745,2054.2663629705257,3670173636.3636365,51.74272275543136,80.5941487694579,0.29123554268340623
2015-01-01,-0.22993,5.7,0.11,1.33,2043.618505859375,2013.3774963378905,2028.1785095214843,3866502000.0,51.456657272920175,76.26548537975769,0.2838180799894483
2015-02-01,-0.08703,5.5,0.11,1.3563157894736844,2086.1689517372533,2069.6510459498354,2082.1957943564967,3619766315.7894735,51.50329166339118,78.80401895992524,0.27323528220175525
2015-03-01,-0.02203,5.4,0.11,1.4022727272727271,2090.5099875710225,2070.0995594371448,2079.9904396750712,3485265909.090909,51.57774715470252,78.43517404439869,0.2645847317724345
2015-04-01,-0.10403,5.4,0.12,1.3950000000000002,2102.731887090774,2085.031447637649,2094.862839471726,3431473333.3333335,51.73796280910566,79.14411702156173,0.2510871821329325
2015-05-01,0.03503,5.6,0.12,1.5885,2119.6149658203126,2103.135986328125,2111.9435180664063,3259386500.0,52.01351775205784,79.95899682968991,0.23584388025819986
2015-06-01,0.17957,5.3,0.13,1.6749999999999998,2109.4004461115055,2092.0772816051135,2099.2836581143465,3327908181.818182,51.9760092685521,77.54073482902017,0.2183509481414875
2015-07-01,0.22569,5.2,0.13,1.656818181818182,2102.5168235085225,2083.9640835848722,2094.1436268199573,3541845000.0,51.72011418649713,76.52873119274267,0.20713480935010972
2015-08-01,0.2413,5.1,0.14,1.4695238095238095,2058.501906622024,2024.972388857887,2039.8662051246279,4029847142.857143,50.02068509574184,66.6383203516236,0.19170540909415512
2015-09-01,0.00884,5.0,0.14,1.45952380952381,1962.4281122116815,1929.7157098679315,1944.4023844401042,3809017619.047619,46.67509389628483,53.53377460874825,0.17650786580463837
2015-10-01,0.12762,5.0,0.12,1.4252380952380952,2030.5786465731535,2009.497725053267,2024.8127163973722,3902040909.090909,44.46545755303744,60.567837549094136,0.15557089006576602
2015-11-01,0.43632,5.1,0.12,1.3784210526315785,2089.545513916016,2070.5729919433593,2080.61650390625,3797179500.0,43.062620134538506,64.57564883949823,0.14334479527508723
2015-12-01,0.63872,5.0,0.24,1.26,2067.8923117897725,2041.347284490412,2054.0795621004972,3802239090.909091,41.27475719347448,61.3807246291267,0.12533731795368472
2016-01-01,1.2375,4.8,0.34,1.1857894736842103,1939.5578806023848,1898.2731612356085,1918.5978875411183,4863672105.263158,38.91816359990654,48.25440170410861,0.1196013170452561
2016-02-01,0.84728,4.9,0.38,1.0459999999999998,1917.2609924316407,1887.2794982910157,1904.4184936523438,4652478000.0,36.84857131544546,47.11869517424685,0.1265730037406066
2016-03-01,0.89162,5.0,0.36,1.0140909090909094,2027.079989346591,2008.5609130859375,2021.9540904651988,4210882727.2727275,34.78701999173429,56.300046319637175,0.12416437232650025
2016-04-01,1.17263,5.1,0.37,1.037142857142857,2083.424781436012,2065.2652413504466,2075.5352318173364,3863094761.904762,33.416020329275376,59.732366319382855,0.12151163093788878
2016-05-01,1.07848,4.8,0.37,0.99,2073.309523809524,2055.4142717633927,2065.5504789806546,3756361904.7619047,32.01641080992919,58.8054628481859,0.12053194116759737
2016-06-01,1.07929,4.9,0.38,0.9127272727272728,2093.8318148526278,2072.0636707652698,2083.891368519176,3947850000.0,30.921389439741457,60.03234052667903,0.11265164484377382
2016-07-01,0.86836,4.8,0.39,0.8314999999999998,2153.4385009765624,2139.55947265625,2148.9019775390625,3476512500.0,30.465055037641882,64.11229946600324,0.12070774809097347
2016-08-01,1.05532,4.9,0.4,0.819130434782609,2182.671726392663,2171.0634765625,2177.482167119565,3287404782.6086955,30.296749630878573,65.76677534598727,0.13188173090531358
2016-09-01,1.54864,5.0,0.4,0.8595238095238092,2166.8133603050596,2147.269066220238,2157.690964471726,3679535238.095238,29.775538472366044,63.58086179766638,0.13747133179520707
2016-10-01,1.68592,4.9,0.4,0.9215,2151.324265252976,2137.0571405319943,2143.0209379650296,3485553809.5238094,29.13254922523288,61.937535701131644,0.14120511419356466
2016-11-01,1.68433,4.7,0.41,1.1625,2171.8414481026784,2154.512381417411,2164.9856887090773,4204750476.1904764,28.748740779256035,63.460332640701736,0.14690236663954778
2016-12-01,2.0508,4.7,0.54,1.2952380952380953,2253.5833449590773,2240.1771530877977,2246.6290457589284,3583392380.952381,29.150290776982892,68.50433352029796,0.1638859762252144
2017-01-01,2.51039,4.7,0.65,1.2260000000000002,2279.3645141601564,2266.755505371094,2275.1159790039064,3524159000.0,29.734766318700828,70.05746647929139,0.18259798957153076
2017-02-01,2.81036,4.6,0.66,1.2178947368421056,2332.7852590460525,2321.1936934621713,2329.9105417351975,3640127368.4210525,30.68711539647314,72.83259117570967,0.20802374314827196
2017-03-01,2.4412,4.4,0.79,1.168695652173913,2373.9391452955165,2359.0482230808425,2366.822170091712,3545555217.3913045,31.85839097597151,74.54415056692363,0.23464522924108652
2017-04-01,2.17622,4.4,0.9,1.0563157894736843,2367.174740439967,2352.3247198807567,2359.309454666941,3435035263.1578946,32.8171706050503,73.52879161616622,0.2516242838428958
2017-05-01,1.85634,4.4,0.91,1.0018181818181817,2399.5050159801135,2388.617254083807,2395.345880681818,3618507727.2727275,33.9408419370935,75.26890981784068,0.2586467661091606
2017-06-01,1.64057,4.3,1.04,0.8445454545454548,2440.3740678267045,2426.28955078125,2433.98545143821,3681931363.6363635,35.2605294251555,77.01372281082814,0.2743989059620039
2017-07-01,1.72511,4.3,1.15,0.9455000000000003,2458.224011230469,2447.2639892578127,2454.102502441406,3158470000.0,36.60202940568124,77.8883897345515,0.291496414901136
2017-08-01,1.92812,4.4,1.16,0.8739130434782608,2463.6608568274455,2449.4808721127715,2456.2230702275815,3070262173.9130435,37.884074974788845,77.98349290816347,0.30140518788285764
2017-09-01,2.18057,4.3,1.15,0.8174999999999999,2496.2080078125,2486.306494140625,2492.8410400390626,3316899000.0,39.29094745438039,79.61403737954112,0.2920571765061878
2017-10-01,2.02076,4.2,1.15,0.8104761904761906,2560.427723277699,2551.009099786932,2556.9972700639205,3221435000.0,40.973261366360404,82.11346064504998,0.2795439512279822
2017-11-01,2.17249,4.2,1.16,0.6566666666666667,2597.4299665178573,2585.0223795572915,2593.605736142113,3484440952.3809524,42.725129829861196,83.36664729769439,0.2832390092754903
2017-12-01,2.12993,4.1,1.3,0.5585,2672.3899780273437,2658.468994140625,2664.34052734375,3262559500.0,44.68433220519914,85.48306164997058,0.2966407855435974
2018-01-01,2.1037,4.0,1.41,0.5519047619047619,2796.4238397507443,2777.7214471726193,2789.8038155691966,3660005714.285714,46.91677281972583,88.32148303629145,0.31962075525714645
2018-02-01,2.22658,4.1,1.42,0.6836842105263159,2736.1094649465463,2681.7326531661183,2705.1552477384867,4188390000.0,47.242120422111846,77.33484780918359,0.31941611623405514
2018-03-01,2.33259,4.0,1.51,0.5666666666666667,2725.3214285714284,2685.0614304315477,2702.7738211495534,3636657142.857143,47.544228910041724,77.04448420956327,0.31965539478072813
2018-04-01,2.43783,4.0,1.69,0.4847619047619049,2673.0562104724704,2636.618582589286,2653.6252092633927,3316599523.8095236,47.01040100730286,71.11033574970283,0.3125706007400535
2018-05-01,2.77659,3.8,1.7,0.46590909090909083,2710.0295743075285,2686.480879350142,2701.4936190518465,3437149090.909091,46.764104175200906,73.26977916754808,0.30189828387082673
2018-06-01,2.84851,4.0,1.82,0.379047619047619,2764.3628510974704,2744.1795014880954,2754.3528878348216,3687605238.095238,46.87571840046821,75.45187811430112,0.28732492111982294
2018-07-01,2.89875,3.8,1.91,0.28238095238095245,2800.5442824590773,2782.0319010416665,2793.643357049851,3073436666.6666665,47.190057518415884,76.95761818882633,0.2721553265897358
2018-08-01,2.678,3.8,1.91,0.2534782608695652,2864.4917204483695,2848.450885275136,2857.8204292629075,3010357391.304348,47.82302520145379,79.20169188152904,0.26909207082138903
2018-09-01,2.35518,3.7,1.95,0.23631578947368423,2909.996826171875,2893.7457725123354,2901.5005139802633,3289056842.105263,48.630078063097194,80.58742961884128,0.267458874916526
2018-10-01,2.52852,3.8,2.19,0.2913636363636364,2812.8843410326085,2766.0534880264945,2785.4647800611415,3970779565.2173915,47.39829730670676,67.68582501291887,0.25454101161831494
2018-11-01,2.17281,3.8,2.2,0.258,2739.010474795387,2702.0366559709823,2723.231422061012,3813338571.428571,45.447274842573066,61.95678973906457,0.23868517891730456
2018-12-01,1.91522,3.9,2.27,0.1563157894736842,2603.9220934416117,2539.4947317023025,2567.3073858963817,4395924736.842105,42.39972367225091,50.437799365915104,0.21899046571245742
2019-01-01,1.49833,4.0,2.4,0.1704761904761905,2617.1771298363096,2584.9947800409227,2607.3899972098216,3828649047.6190476,39.4491063192833,52.86388919435242,0.2005800357722424
2019-02-01,1.48172,3.8,2.4,0.17210526315789473,2761.4126362047696,2742.4478952508225,2754.8642064144738,3693864736.8421054,37.72021377222389,60.521033364322065,0.18571397071930457
2019-03-01,1.87995,3.8,2.41,0.16142857142857142,2815.7657063802085,2789.842843191964,2803.9837937127977,3742680000.0,36.48738975337443,62.69476617642903,0.17250398512717083
2019-04-01,2.00563,3.6,2.42,0.1876190476190476,2908.761893136161,2892.6481003534227,2903.799979073661,3314516190.4761906,35.921260491394264,66.70648903737765,0.16398276332623096
2019-05-01,1.81275,3.6,2.39,0.18863636363636369,2870.2309015447445,2838.7550159801135,2854.705910422585,3493641818.181818,34.846756443221075,63.11161881015354,0.15028871958770934
2019-06-01,1.68964,3.6,2.38,0.26000000000000006,2900.743518066406,2878.5615112304686,2890.165979003906,3545214000.0,34.04770190119875,64.59572858222859,0.14493950051517515
2019-07-01,1.82116,3.7,2.4,0.2240909090909091,3003.907725941051,2984.14501953125,2996.1136363636365,3197703181.818182,33.92455281605795,68.65361892725419,0.1535737982620497
2019-08-01,1.75969,3.7,2.13,0.05500000000000001,2917.8186257102275,2876.7449951171875,2897.450450550426,3618156363.6363635,32.74335323628992,61.57574561900066,0.1536362735891754
2019-09-01,1.72733,3.5,2.04,0.05150000000000001,2992.0960083007812,2968.614501953125,2982.156005859375,3699616500.0,32.10412881401049,64.9195857480225,0.1653734050500818
2019-10-01,1.75708,3.6,1.83,0.15545454545454543,2990.4130647078805,2964.954780910326,2977.675197435462,3372371739.130435,31.474327448488037,64.59932977801098,0.1716152736757179
2019-11-01,2.03082,3.6,1.55,0.19947368421052633,3109.3900146484375,3094.3295043945313,3104.9044921875,3608996000.0,31.57702593470767,69.23946657117379,0.19013384404443442
2019-12-01,2.26172,3.6,1.55,0.24952380952380954,3183.954275948661,3167.566208612351,3176.74951171875,3431142857.142857,32.04650479953835,71.51037810337438,0.20824746373730504
2020-01-01,2.46049,3.5,1.55,0.2385714285714286,3289.698556082589,3264.34619140625,3278.202857607887,3671639047.6190476,32.95309458783948,74.38603790456374,0.2371878818692165
2020-02-01,2.31971,3.5,1.58,0.1731578947368421,3302.210513466283,3259.6294716282896,3277.3141832853617,4436435263.157895,33.847793157240964,74.31527757190875,0.25952058380965765
2020-03-01,1.53064,4.4,0.65,0.42181818181818187,2714.109530362216,2578.604092684659,2652.393632368608,7354595454.545455,32.75164598323559,43.19686116334144,0.2692996039168243
2020-04-01,0.36486,14.7,0.05,0.4328571428571428,2789.5714169456846,2730.0895182291665,2761.9752255394346,5864926190.476191,31.311729294830254,47.35939469357973,0.27269270953151087
2020-05-01,0.24244,13.2,0.05,0.5035,2942.1214965820313,2895.077502441406,2919.6084838867187,5339955000.0,29.187114069427825,52.72603363795342,0.2727039738597592
2020-06-01,0.72681,11.0,0.08,0.5436363636363635,3130.5449662642045,3074.1868119673295,3104.6609330610795,5956545454.545455,27.826468088213016,58.12342958122086,0.2757587820442858
2020-07-01,1.03283,10.2,0.09,0.4754545454545454,3223.786365855824,3182.5099764737215,3207.6190962357955,4418046363.636364,26.934414300665686,60.804736084003366,0.2802360934539317
2020-08-01,1.32759,8.4,0.1,0.5104761904761904,3399.883347284226,3374.2633231026784,3391.7100190662204,4019157142.857143,26.742826922497134,65.10676091703101,0.28246687468172194
2020-09-01,1.40065,7.9,0.09,0.5447619047619048,3398.818091982887,3336.790945870536,3365.516671316964,4384958095.238095,26.355816208393833,64.02988574507937,0.27659240578877065
2020-10-01,1.1842,6.9,0.09,0.6376190476190476,3445.0236483487215,3397.303633256392,3418.6999955610795,4078981818.181818,26.166937022416025,65.28539705984959,0.28486064747457934
2020-11-01,1.13776,6.7,0.09,0.7042105263157894,3569.34150390625,3526.2205078125,3548.99248046875,5048894000.0,26.431848122850436,68.21265899428892,0.3048274246215177
2020-12-01,1.27815,6.7,0.09,0.797727272727273,3707.6208939985795,3677.3209228515625,3695.3100142045455,4366200454.545455,27.1198578756103,71.15431526424659,0.34024955882078406
2021-01-01,1.35997,6.4,0.09,0.9500000000000001,3818.135806435033,3768.9621325041117,3793.7484323601975,5555199473.684211,28.081108600964672,72.96685382064125,0.37228640233697563
2021-02-01,1.67524,6.2,0.08,1.1426315789473687,3901.0957930715463,3856.7331671463817,3883.4321160567433,5189313684.210526,29.20284348523695,74.53669142975905,0.40427241056978924
2021-03-01,2.65838,6.0,0.07,1.463913043478261,3935.7130604619565,3883.106976052989,3910.5082795516305,5254937391.304348,30.339560025880736,75.00854585893579,0.43301225389750425
2021-04-01,4.15199,6.0,0.07,1.4718181818181817,4152.001395089285,4122.00189499628,4141.176199776785,3946156666.6666665,31.933970080939165,78.63999029974093,0.4692462762062014
2021-05-01,4.94444,5.8,0.06,1.4660000000000002,4187.078515625,4146.477978515625,4167.849536132812,3757768500.0,33.49377078465189,79.01963362652451,0.49818996803748256
2021-06-01,5.34102,5.9,0.08,1.3163636363636362,4249.386408025568,4223.202747691761,4238.48954634233,3895690000.0,35.083897656062724,80.03184310634865,0.5205580076340465
2021-07-01,5.2761,5.4,0.1,1.099047619047619,4375.644810267857,4341.0742420014885,4363.712797619048,3166496666.6666665,36.831123120773334,81.71587538164924,0.5497865655085348
2021-08-01,5.20533,5.2,0.09,1.0659090909090911,4464.497247869318,4436.474054509943,4453.965931285511,2873543636.3636365,38.62968269781642,82.83921621953503,0.5782929597336104
2021-09-01,5.38991,4.7,0.08,1.1338095238095238,4473.472888764881,4429.42431640625,4445.543317522322,3155659523.8095236,40.317648696607485,82.33085864521435,0.5996916262110195
2021-10-01,6.23694,4.6,0.08,1.19,4476.626627604167,4433.933337983631,4460.707077752976,2946414285.714286,41.89174822225723,82.53861613241746,0.6133891887938057
2021-11-01,6.82837,4.2,0.08,1.0515000000000003,4688.184756324405,4649.419038318452,4667.386648995535,3215276190.4761906,43.762863125053045,85.10870950201543,0.5806396473460681
2021-12-01,7.09654,3.9,0.08,0.785,4701.581853693182,4642.169611150568,4674.772771661932,3122719545.4545455,45.523755055734505,85.19258846171867,0.543354752236375
2022-01-01,7.52593,4.0,0.08,0.7835000000000001,4619.576025390625,4528.042016601563,4573.815454101563,3663972000.0,46.12232455424434,78.66978028273495,0.5017036663429353
2022-02-01,7.91202,3.8,0.08,0.49894736842105264,4473.607344777961,4392.072625411184,4435.980494449013,3850936315.7894735,45.583801335137764,70.70969005046513,0.46087777991983553
2022-03-01,8.55759,3.6,0.2,0.21826086956521737,4424.881644870924,4351.570015285326,4391.265264096467,4390361739.130435,44.777416049230645,68.29543847503085,0.41914722429370166
2022-04-01,,,,0.15555555555555556,4500.185872395833,4439.1674397786455,4468.859944661458,3565105333.3333335,44.30246607732276,70.1970590711561,0.38912201734223056
